mes,dia,año,ID
1,1,2015,1
1,2,2015,2
1,3,2015,3
1,4,2015,4
1,5,2015,5
1,6,2015,6
1,7,2015,7
1,8,2015,8
1,9,2015,9
1,10,2015,10
1,11,2015,11
1,12,2015,12
1,13,2015,13
1,14,2015,14
1,15,2015,15
1,16,2015,16
1,17,2015,17
1,18,2015,18
1,19,2015,19
1,20,2015,20
1,21,2015,21
1,22,2015,22
1,23,2015,23
1,24,2015,24
1,25,2015,25
1,26,2015,26
1,27,2015,27
1,28,2015,28
1,29,2015,29
1,30,2015,30
1,31,2015,31
2,1,2015,32
2,2,2015,33
2,3,2015,34
2,4,2015,35
2,5,2015,36
2,6,2015,37
2,7,2015,38
2,8,2015,39
2,9,2015,40
2,10,2015,41
2,11,2015,42
2,12,2015,43
2,13,2015,44
2,14,2015,45
2,15,2015,46
2,16,2015,47
2,17,2015,48
2,18,2015,49
2,19,2015,50
2,20,2015,51
2,21,2015,52
2,22,2015,53
2,23,2015,54
2,24,2015,55
2,25,2015,56
2,26,2015,57
2,27,2015,58
2,28,2015,59
3,1,2015,60
3,2,2015,61
3,3,2015,62
3,4,2015,63
3,5,2015,64
3,6,2015,65
3,7,2015,66
3,8,2015,67
3,9,2015,68
3,10,2015,69
3,11,2015,70
3,12,2015,71
3,13,2015,72
3,14,2015,73
3,15,2015,74
3,16,2015,75
3,17,2015,76
3,18,2015,77
3,19,2015,78
3,20,2015,79
3,21,2015,80
3,22,2015,81
3,23,2015,82
3,24,2015,83
3,25,2015,84
3,26,2015,85
3,27,2015,86
3,28,2015,87
3,29,2015,88
3,30,2015,89
3,31,2015,90
4,1,2015,91
4,2,2015,92
4,3,2015,93
4,4,2015,94
4,5,2015,95
4,6,2015,96
4,7,2015,97
4,8,2015,98
4,9,2015,99
4,10,2015,100
4,11,2015,101
4,12,2015,102
4,13,2015,103
4,14,2015,104
4,15,2015,105
4,16,2015,106
4,17,2015,107
4,18,2015,108
4,19,2015,109
4,20,2015,110
4,21,2015,111
4,22,2015,112
4,23,2015,113
4,24,2015,114
4,25,2015,115
4,26,2015,116
4,27,2015,117
4,28,2015,118
4,29,2015,119
4,30,2015,120
5,1,2015,121
5,2,2015,122
5,3,2015,123
5,4,2015,124
5,5,2015,125
5,6,2015,126
5,7,2015,127
5,8,2015,128
5,9,2015,129
5,10,2015,130
5,11,2015,131
5,12,2015,132
5,13,2015,133
5,14,2015,134
5,15,2015,135
5,16,2015,136
5,17,2015,137
5,18,2015,138
5,19,2015,139
5,20,2015,140
5,21,2015,141
5,22,2015,142
5,23,2015,143
5,24,2015,144
5,25,2015,145
5,26,2015,146
5,27,2015,147
5,28,2015,148
5,29,2015,149
5,30,2015,150
5,31,2015,151
6,1,2015,152
6,2,2015,153
6,3,2015,154
6,4,2015,155
6,5,2015,156
6,6,2015,157
6,7,2015,158
6,8,2015,159
6,9,2015,160
6,10,2015,161
6,11,2015,162
6,12,2015,163
6,13,2015,164
6,14,2015,165
6,15,2015,166
6,16,2015,167
6,17,2015,168
6,18,2015,169
6,19,2015,170
6,20,2015,171
6,21,2015,172
6,22,2015,173
6,23,2015,174
6,24,2015,175
6,25,2015,176
6,26,2015,177
6,27,2015,178
6,28,2015,179
6,29,2015,180
6,30,2015,181
7,1,2015,182
7,2,2015,183
7,3,2015,184
7,4,2015,185
7,5,2015,186
7,6,2015,187
7,7,2015,188
7,8,2015,189
7,9,2015,190
7,10,2015,191
7,11,2015,192
7,12,2015,193
7,13,2015,194
7,14,2015,195
7,15,2015,196
7,16,2015,197
7,17,2015,198
7,18,2015,199
7,19,2015,200
7,20,2015,201
7,21,2015,202
7,22,2015,203
7,23,2015,204
7,24,2015,205
7,25,2015,206
7,26,2015,207
7,27,2015,208
7,28,2015,209
7,29,2015,210
7,30,2015,211
7,31,2015,212
8,1,2015,213
8,2,2015,214
8,3,2015,215
8,4,2015,216
8,5,2015,217
8,6,2015,218
8,7,2015,219
8,8,2015,220
8,9,2015,221
8,10,2015,222
8,11,2015,223
8,12,2015,224
8,13,2015,225
8,14,2015,226
8,15,2015,227
8,16,2015,228
8,17,2015,229
8,18,2015,230
8,19,2015,231
8,20,2015,232
8,21,2015,233
8,22,2015,234
8,23,2015,235
8,24,2015,236
8,25,2015,237
8,26,2015,238
8,27,2015,239
8,28,2015,240
8,29,2015,241
8,30,2015,242
8,31,2015,243
9,1,2015,244
9,2,2015,245
9,3,2015,246
9,4,2015,247
9,5,2015,248
9,6,2015,249
9,7,2015,250
9,8,2015,251
9,9,2015,252
9,10,2015,253
9,11,2015,254
9,12,2015,255
9,13,2015,256
9,14,2015,257
9,15,2015,258
9,16,2015,259
9,17,2015,260
9,18,2015,261
9,19,2015,262
9,20,2015,263
9,21,2015,264
9,22,2015,265
9,23,2015,266
9,24,2015,267
9,25,2015,268
9,26,2015,269
9,27,2015,270
9,28,2015,271
9,29,2015,272
9,30,2015,273
10,1,2015,274
10,2,2015,275
10,3,2015,276
10,4,2015,277
10,5,2015,278
10,6,2015,279
10,7,2015,280
10,8,2015,281
10,9,2015,282
10,10,2015,283
10,11,2015,284
10,12,2015,285
10,13,2015,286
10,14,2015,287
10,15,2015,288
10,16,2015,289
10,17,2015,290
10,18,2015,291
10,19,2015,292
10,20,2015,293
10,21,2015,294
10,22,2015,295
10,23,2015,296
10,24,2015,297
10,25,2015,298
10,26,2015,299
10,27,2015,300
10,28,2015,301
10,29,2015,302
10,30,2015,303
10,31,2015,304
11,1,2015,305
11,2,2015,306
11,3,2015,307
11,4,2015,308
11,5,2015,309
11,6,2015,310
11,7,2015,311
11,8,2015,312
11,9,2015,313
11,10,2015,314
11,11,2015,315
11,12,2015,316
11,13,2015,317
11,14,2015,318
11,15,2015,319
11,16,2015,320
11,17,2015,321
11,18,2015,322
11,19,2015,323
11,20,2015,324
11,21,2015,325
11,22,2015,326
11,23,2015,327
11,24,2015,328
11,25,2015,329
11,26,2015,330
11,27,2015,331
11,28,2015,332
11,29,2015,333
11,30,2015,334
12,1,2015,335
12,2,2015,336
12,3,2015,337
12,4,2015,338
12,5,2015,339
12,6,2015,340
12,7,2015,341
12,8,2015,342
12,9,2015,343
12,10,2015,344
12,11,2015,345
12,12,2015,346
12,13,2015,347
12,14,2015,348
12,15,2015,349
12,16,2015,350
12,17,2015,351
12,18,2015,352
12,19,2015,353
12,20,2015,354
12,21,2015,355
12,22,2015,356
12,23,2015,357
12,24,2015,358
12,25,2015,359
12,26,2015,360
12,27,2015,361
12,28,2015,362
12,29,2015,363
12,30,2015,364
12,31,2015,365
1,1,2016,366
1,2,2016,367
1,3,2016,368
1,4,2016,369
1,5,2016,370
1,6,2016,371
1,7,2016,372
1,8,2016,373
1,9,2016,374
1,10,2016,375
1,11,2016,376
1,12,2016,377
1,13,2016,378
1,14,2016,379
1,15,2016,380
1,16,2016,381
1,17,2016,382
1,18,2016,383
1,19,2016,384
1,20,2016,385
1,21,2016,386
1,22,2016,387
1,23,2016,388
1,24,2016,389
1,25,2016,390
1,26,2016,391
1,27,2016,392
1,28,2016,393
1,29,2016,394
1,30,2016,395
1,31,2016,396
2,1,2016,397
2,2,2016,398
2,3,2016,399
2,4,2016,400
2,5,2016,401
2,6,2016,402
2,7,2016,403
2,8,2016,404
2,9,2016,405
2,10,2016,406
2,11,2016,407
2,12,2016,408
2,13,2016,409
2,14,2016,410
2,15,2016,411
2,16,2016,412
2,17,2016,413
2,18,2016,414
2,19,2016,415
2,20,2016,416
2,21,2016,417
2,22,2016,418
2,23,2016,419
2,24,2016,420
2,25,2016,421
2,26,2016,422
2,27,2016,423
2,28,2016,424
2,29,2016,425
3,1,2016,426
3,2,2016,427
3,3,2016,428
3,4,2016,429
3,5,2016,430
3,6,2016,431
3,7,2016,432
3,8,2016,433
3,9,2016,434
3,10,2016,435
3,11,2016,436
3,12,2016,437
3,13,2016,438
3,14,2016,439
3,15,2016,440
3,16,2016,441
3,17,2016,442
3,18,2016,443
3,19,2016,444
3,20,2016,445
3,21,2016,446
3,22,2016,447
3,23,2016,448
3,24,2016,449
3,25,2016,450
3,26,2016,451
3,27,2016,452
3,28,2016,453
3,29,2016,454
3,30,2016,455
3,31,2016,456
4,1,2016,457
4,2,2016,458
4,3,2016,459
4,4,2016,460
4,5,2016,461
4,6,2016,462
4,7,2016,463
4,8,2016,464
4,9,2016,465
4,10,2016,466
4,11,2016,467
4,12,2016,468
4,13,2016,469
4,14,2016,470
4,15,2016,471
4,16,2016,472
4,17,2016,473
4,18,2016,474
4,19,2016,475
4,20,2016,476
4,21,2016,477
4,22,2016,478
4,23,2016,479
4,24,2016,480
4,25,2016,481
4,26,2016,482
4,27,2016,483
4,28,2016,484
4,29,2016,485
4,30,2016,486
5,1,2016,487
5,2,2016,488
5,3,2016,489
5,4,2016,490
5,5,2016,491
5,6,2016,492
5,7,2016,493
5,8,2016,494
5,9,2016,495
5,10,2016,496
5,11,2016,497
5,12,2016,498
5,13,2016,499
5,14,2016,500
5,15,2016,501
5,16,2016,502
5,17,2016,503
5,18,2016,504
5,19,2016,505
5,20,2016,506
5,21,2016,507
5,22,2016,508
5,23,2016,509
5,24,2016,510
5,25,2016,511
5,26,2016,512
5,27,2016,513
5,28,2016,514
5,29,2016,515
5,30,2016,516
5,31,2016,517
6,1,2016,518
6,2,2016,519
6,3,2016,520
6,4,2016,521
6,5,2016,522
6,6,2016,523
6,7,2016,524
6,8,2016,525
6,9,2016,526
6,10,2016,527
6,11,2016,528
6,12,2016,529
6,13,2016,530
6,14,2016,531
6,15,2016,532
6,16,2016,533
6,17,2016,534
6,18,2016,535
6,19,2016,536
6,20,2016,537
6,21,2016,538
6,22,2016,539
6,23,2016,540
6,24,2016,541
6,25,2016,542
6,26,2016,543
6,27,2016,544
6,28,2016,545
6,29,2016,546
6,30,2016,547
7,1,2016,548
7,2,2016,549
7,3,2016,550
7,4,2016,551
7,5,2016,552
7,6,2016,553
7,7,2016,554
7,8,2016,555
7,9,2016,556
7,10,2016,557
7,11,2016,558
7,12,2016,559
7,13,2016,560
7,14,2016,561
7,15,2016,562
7,16,2016,563
7,17,2016,564
7,18,2016,565
7,19,2016,566
7,20,2016,567
7,21,2016,568
7,22,2016,569
7,23,2016,570
7,24,2016,571
7,25,2016,572
7,26,2016,573
7,27,2016,574
7,28,2016,575
7,29,2016,576
7,30,2016,577
7,31,2016,578
8,1,2016,579
8,2,2016,580
8,3,2016,581
8,4,2016,582
8,5,2016,583
8,6,2016,584
8,7,2016,585
8,8,2016,586
8,9,2016,587
8,10,2016,588
8,11,2016,589
8,12,2016,590
8,13,2016,591
8,14,2016,592
8,15,2016,593
8,16,2016,594
8,17,2016,595
8,18,2016,596
8,19,2016,597
8,20,2016,598
8,21,2016,599
8,22,2016,600
8,23,2016,601
8,24,2016,602
8,25,2016,603
8,26,2016,604
8,27,2016,605
8,28,2016,606
8,29,2016,607
8,30,2016,608
8,31,2016,609
9,1,2016,610
9,2,2016,611
9,3,2016,612
9,4,2016,613
9,5,2016,614
9,6,2016,615
9,7,2016,616
9,8,2016,617
9,9,2016,618
9,10,2016,619
9,11,2016,620
9,12,2016,621
9,13,2016,622
9,14,2016,623
9,15,2016,624
9,16,2016,625
9,17,2016,626
9,18,2016,627
9,19,2016,628
9,20,2016,629
9,21,2016,630
9,22,2016,631
9,23,2016,632
9,24,2016,633
9,25,2016,634
9,26,2016,635
9,27,2016,636
9,28,2016,637
9,29,2016,638
9,30,2016,639
10,1,2016,640
10,2,2016,641
10,3,2016,642
10,4,2016,643
10,5,2016,644
10,6,2016,645
10,7,2016,646
10,8,2016,647
10,9,2016,648
10,10,2016,649
10,11,2016,650
10,12,2016,651
10,13,2016,652
10,14,2016,653
10,15,2016,654
10,16,2016,655
10,17,2016,656
10,18,2016,657
10,19,2016,658
10,20,2016,659
10,21,2016,660
10,22,2016,661
10,23,2016,662
10,24,2016,663
10,25,2016,664
10,26,2016,665
10,27,2016,666
10,28,2016,667
10,29,2016,668
10,30,2016,669
10,31,2016,670
11,1,2016,671
11,2,2016,672
11,3,2016,673
11,4,2016,674
11,5,2016,675
11,6,2016,676
11,7,2016,677
11,8,2016,678
11,9,2016,679
11,10,2016,680
11,11,2016,681
11,12,2016,682
11,13,2016,683
11,14,2016,684
11,15,2016,685
11,16,2016,686
11,17,2016,687
11,18,2016,688
11,19,2016,689
11,20,2016,690
11,21,2016,691
11,22,2016,692
11,23,2016,693
11,24,2016,694
11,25,2016,695
11,26,2016,696
11,27,2016,697
11,28,2016,698
11,29,2016,699
11,30,2016,700
12,1,2016,701
12,2,2016,702
12,3,2016,703
12,4,2016,704
12,5,2016,705
12,6,2016,706
12,7,2016,707
12,8,2016,708
12,9,2016,709
12,10,2016,710
12,11,2016,711
12,12,2016,712
12,13,2016,713
12,14,2016,714
12,15,2016,715
12,16,2016,716
12,17,2016,717
12,18,2016,718
12,19,2016,719
12,20,2016,720
12,21,2016,721
12,22,2016,722
12,23,2016,723
12,24,2016,724
12,25,2016,725
12,26,2016,726
12,27,2016,727
12,28,2016,728
12,29,2016,729
12,30,2016,730
12,31,2016,731
1,1,2017,732
1,2,2017,733
1,3,2017,734
1,4,2017,735
1,5,2017,736
1,6,2017,737
1,7,2017,738
1,8,2017,739
1,9,2017,740
1,10,2017,741
1,11,2017,742
1,12,2017,743
1,13,2017,744
1,14,2017,745
1,15,2017,746
1,16,2017,747
1,17,2017,748
1,18,2017,749
1,19,2017,750
1,20,2017,751
1,21,2017,752
1,22,2017,753
1,23,2017,754
1,24,2017,755
1,25,2017,756
1,26,2017,757
1,27,2017,758
1,28,2017,759
1,29,2017,760
1,30,2017,761
1,31,2017,762
2,1,2017,763
2,2,2017,764
2,3,2017,765
2,4,2017,766
2,5,2017,767
2,6,2017,768
2,7,2017,769
2,8,2017,770
2,9,2017,771
2,10,2017,772
2,11,2017,773
2,12,2017,774
2,13,2017,775
2,14,2017,776
2,15,2017,777
2,16,2017,778
2,17,2017,779
2,18,2017,780
2,19,2017,781
2,20,2017,782
2,21,2017,783
2,22,2017,784
2,23,2017,785
2,24,2017,786
2,25,2017,787
2,26,2017,788
2,27,2017,789
2,28,2017,790
3,1,2017,791
3,2,2017,792
3,3,2017,793
3,4,2017,794
3,5,2017,795
3,6,2017,796
3,7,2017,797
3,8,2017,798
3,9,2017,799
3,10,2017,800
3,11,2017,801
3,12,2017,802
3,13,2017,803
3,14,2017,804
3,15,2017,805
3,16,2017,806
3,17,2017,807
3,18,2017,808
3,19,2017,809
3,20,2017,810
3,21,2017,811
3,22,2017,812
3,23,2017,813
3,24,2017,814
3,25,2017,815
3,26,2017,816
3,27,2017,817
3,28,2017,818
3,29,2017,819
3,30,2017,820
3,31,2017,821
4,1,2017,822
4,2,2017,823
4,3,2017,824
4,4,2017,825
4,5,2017,826
4,6,2017,827
4,7,2017,828
4,8,2017,829
4,9,2017,830
4,10,2017,831
4,11,2017,832
4,12,2017,833
4,13,2017,834
4,14,2017,835
4,15,2017,836
4,16,2017,837
4,17,2017,838
4,18,2017,839
4,19,2017,840
4,20,2017,841
4,21,2017,842
4,22,2017,843
4,23,2017,844
4,24,2017,845
4,25,2017,846
4,26,2017,847
4,27,2017,848
4,28,2017,849
4,29,2017,850
4,30,2017,851
5,1,2017,852
5,2,2017,853
5,3,2017,854
5,4,2017,855
5,5,2017,856
5,6,2017,857
5,7,2017,858
5,8,2017,859
5,9,2017,860
5,10,2017,861
5,11,2017,862
5,12,2017,863
5,13,2017,864
5,14,2017,865
5,15,2017,866
5,16,2017,867
5,17,2017,868
5,18,2017,869
5,19,2017,870
5,20,2017,871
5,21,2017,872
5,22,2017,873
5,23,2017,874
5,24,2017,875
5,25,2017,876
5,26,2017,877
5,27,2017,878
5,28,2017,879
5,29,2017,880
5,30,2017,881
5,31,2017,882
6,1,2017,883
6,2,2017,884
6,3,2017,885
6,4,2017,886
6,5,2017,887
6,6,2017,888
6,7,2017,889
6,8,2017,890
6,9,2017,891
6,10,2017,892
6,11,2017,893
6,12,2017,894
6,13,2017,895
6,14,2017,896
6,15,2017,897
6,16,2017,898
6,17,2017,899
6,18,2017,900
6,19,2017,901
6,20,2017,902
6,21,2017,903
6,22,2017,904
6,23,2017,905
6,24,2017,906
6,25,2017,907
6,26,2017,908
6,27,2017,909
6,28,2017,910
6,29,2017,911
6,30,2017,912
7,1,2017,913
7,2,2017,914
7,3,2017,915
7,4,2017,916
7,5,2017,917
7,6,2017,918
7,7,2017,919
7,8,2017,920
7,9,2017,921
7,10,2017,922
7,11,2017,923
7,12,2017,924
7,13,2017,925
7,14,2017,926
7,15,2017,927
7,16,2017,928
7,17,2017,929
7,18,2017,930
7,19,2017,931
7,20,2017,932
7,21,2017,933
7,22,2017,934
7,23,2017,935
7,24,2017,936
7,25,2017,937
7,26,2017,938
7,27,2017,939
7,28,2017,940
7,29,2017,941
7,30,2017,942
7,31,2017,943
8,1,2017,944
8,2,2017,945
8,3,2017,946
8,4,2017,947
8,5,2017,948
8,6,2017,949
8,7,2017,950
8,8,2017,951
8,9,2017,952
8,10,2017,953
8,11,2017,954
8,12,2017,955
8,13,2017,956
8,14,2017,957
8,15,2017,958
8,16,2017,959
8,17,2017,960
8,18,2017,961
8,19,2017,962
8,20,2017,963
8,21,2017,964
8,22,2017,965
8,23,2017,966
8,24,2017,967
8,25,2017,968
8,26,2017,969
8,27,2017,970
8,28,2017,971
8,29,2017,972
8,30,2017,973
8,31,2017,974
9,1,2017,975
9,2,2017,976
9,3,2017,977
9,4,2017,978
9,5,2017,979
9,6,2017,980
9,7,2017,981
9,8,2017,982
9,9,2017,983
9,10,2017,984
9,11,2017,985
9,12,2017,986
9,13,2017,987
9,14,2017,988
9,15,2017,989
9,16,2017,990
9,17,2017,991
9,18,2017,992
9,19,2017,993
9,20,2017,994
9,21,2017,995
9,22,2017,996
9,23,2017,997
9,24,2017,998
9,25,2017,999
9,26,2017,1000
9,27,2017,1001
9,28,2017,1002
9,29,2017,1003
9,30,2017,1004
10,1,2017,1005
10,2,2017,1006
10,3,2017,1007
10,4,2017,1008
10,5,2017,1009
10,6,2017,1010
10,7,2017,1011
10,8,2017,1012
10,9,2017,1013
10,10,2017,1014
10,11,2017,1015
10,12,2017,1016
10,13,2017,1017
10,14,2017,1018
10,15,2017,1019
10,16,2017,1020
10,17,2017,1021
10,18,2017,1022
10,19,2017,1023
10,20,2017,1024
10,21,2017,1025
10,22,2017,1026
10,23,2017,1027
10,24,2017,1028
10,25,2017,1029
10,26,2017,1030
10,27,2017,1031
10,28,2017,1032
10,29,2017,1033
10,30,2017,1034
10,31,2017,1035
11,1,2017,1036
11,2,2017,1037
11,3,2017,1038
11,4,2017,1039
11,5,2017,1040
11,6,2017,1041
11,7,2017,1042
11,8,2017,1043
11,9,2017,1044
11,10,2017,1045
11,11,2017,1046
11,12,2017,1047
11,13,2017,1048
11,14,2017,1049
11,15,2017,1050
11,16,2017,1051
11,17,2017,1052
11,18,2017,1053
11,19,2017,1054
11,20,2017,1055
11,21,2017,1056
11,22,2017,1057
11,23,2017,1058
11,24,2017,1059
11,25,2017,1060
11,26,2017,1061
11,27,2017,1062
11,28,2017,1063
11,29,2017,1064
11,30,2017,1065
12,1,2017,1066
12,2,2017,1067
12,3,2017,1068
12,4,2017,1069
12,5,2017,1070
12,6,2017,1071
12,7,2017,1072
12,8,2017,1073
12,9,2017,1074
12,10,2017,1075
12,11,2017,1076
12,12,2017,1077
12,13,2017,1078
12,14,2017,1079
12,15,2017,1080
12,16,2017,1081
12,17,2017,1082
12,18,2017,1083
12,19,2017,1084
12,20,2017,1085
12,21,2017,1086
12,22,2017,1087
12,23,2017,1088
12,24,2017,1089
12,25,2017,1090
12,26,2017,1091
12,27,2017,1092
12,28,2017,1093
12,29,2017,1094
12,30,2017,1095
12,31,2017,1096
1,1,2018,1097
1,2,2018,1098
1,3,2018,1099
1,4,2018,1100
1,5,2018,1101
1,6,2018,1102
1,7,2018,1103
1,8,2018,1104
1,9,2018,1105
1,10,2018,1106
1,11,2018,1107
1,12,2018,1108
1,13,2018,1109
1,14,2018,1110
1,15,2018,1111
1,16,2018,1112
1,17,2018,1113
1,18,2018,1114
1,19,2018,1115
1,20,2018,1116
1,21,2018,1117
1,22,2018,1118
1,23,2018,1119
1,24,2018,1120
1,25,2018,1121
1,26,2018,1122
1,27,2018,1123
1,28,2018,1124
1,29,2018,1125
1,30,2018,1126
1,31,2018,1127
2,1,2018,1128
2,2,2018,1129
2,3,2018,1130
2,4,2018,1131
2,5,2018,1132
2,6,2018,1133
2,7,2018,1134
2,8,2018,1135
2,9,2018,1136
2,10,2018,1137
2,11,2018,1138
2,12,2018,1139
2,13,2018,1140
2,14,2018,1141
2,15,2018,1142
2,16,2018,1143
2,17,2018,1144
2,18,2018,1145
2,19,2018,1146
2,20,2018,1147
2,21,2018,1148
2,22,2018,1149
2,23,2018,1150
2,24,2018,1151
2,25,2018,1152
2,26,2018,1153
2,27,2018,1154
2,28,2018,1155
3,1,2018,1156
3,2,2018,1157
3,3,2018,1158
3,4,2018,1159
3,5,2018,1160
3,6,2018,1161
3,7,2018,1162
3,8,2018,1163
3,9,2018,1164
3,10,2018,1165
3,11,2018,1166
3,12,2018,1167
3,13,2018,1168
3,14,2018,1169
3,15,2018,1170
3,16,2018,1171
3,17,2018,1172
3,18,2018,1173
3,19,2018,1174
3,20,2018,1175
3,21,2018,1176
3,22,2018,1177
3,23,2018,1178
3,24,2018,1179
3,25,2018,1180
3,26,2018,1181
3,27,2018,1182
3,28,2018,1183
3,29,2018,1184
3,30,2018,1185
3,31,2018,1186
4,1,2018,1187
4,2,2018,1188
4,3,2018,1189
4,4,2018,1190
4,5,2018,1191
4,6,2018,1192
4,7,2018,1193
4,8,2018,1194
4,9,2018,1195
4,10,2018,1196
4,11,2018,1197
4,12,2018,1198
4,13,2018,1199
4,14,2018,1200
4,15,2018,1201
4,16,2018,1202
4,17,2018,1203
4,18,2018,1204
4,19,2018,1205
4,20,2018,1206
4,21,2018,1207
4,22,2018,1208
4,23,2018,1209
4,24,2018,1210
4,25,2018,1211
4,26,2018,1212
4,27,2018,1213
4,28,2018,1214
4,29,2018,1215
4,30,2018,1216
5,1,2018,1217
5,2,2018,1218
5,3,2018,1219
5,4,2018,1220
5,5,2018,1221
5,6,2018,1222
5,7,2018,1223
5,8,2018,1224
5,9,2018,1225
5,10,2018,1226
5,11,2018,1227
5,12,2018,1228
5,13,2018,1229
5,14,2018,1230
5,15,2018,1231
5,16,2018,1232
5,17,2018,1233
5,18,2018,1234
5,19,2018,1235
5,20,2018,1236
5,21,2018,1237
5,22,2018,1238
5,23,2018,1239
5,24,2018,1240
5,25,2018,1241
5,26,2018,1242
5,27,2018,1243
5,28,2018,1244
5,29,2018,1245
5,30,2018,1246
5,31,2018,1247
6,1,2018,1248
6,2,2018,1249
6,3,2018,1250
6,4,2018,1251
6,5,2018,1252
6,6,2018,1253
6,7,2018,1254
6,8,2018,1255
6,9,2018,1256
6,10,2018,1257
6,11,2018,1258
6,12,2018,1259
6,13,2018,1260
6,14,2018,1261
6,15,2018,1262
6,16,2018,1263
6,17,2018,1264
6,18,2018,1265
6,19,2018,1266
6,20,2018,1267
6,21,2018,1268
6,22,2018,1269
6,23,2018,1270
6,24,2018,1271
6,25,2018,1272
6,26,2018,1273
6,27,2018,1274
6,28,2018,1275
6,29,2018,1276
6,30,2018,1277
7,1,2018,1278
7,2,2018,1279
7,3,2018,1280
7,4,2018,1281
7,5,2018,1282
7,6,2018,1283
7,7,2018,1284
7,8,2018,1285
7,9,2018,1286
7,10,2018,1287
7,11,2018,1288
7,12,2018,1289
7,13,2018,1290
7,14,2018,1291
7,15,2018,1292
7,16,2018,1293
7,17,2018,1294
7,18,2018,1295
7,19,2018,1296
7,20,2018,1297
7,21,2018,1298
7,22,2018,1299
7,23,2018,1300
7,24,2018,1301
7,25,2018,1302
7,26,2018,1303
7,27,2018,1304
7,28,2018,1305
7,29,2018,1306
7,30,2018,1307
7,31,2018,1308
8,1,2018,1309
8,2,2018,1310
8,3,2018,1311
8,4,2018,1312
8,5,2018,1313
8,6,2018,1314
8,7,2018,1315
8,8,2018,1316
8,9,2018,1317
8,10,2018,1318
8,11,2018,1319
8,12,2018,1320
8,13,2018,1321
8,14,2018,1322
8,15,2018,1323
8,16,2018,1324
8,17,2018,1325
8,18,2018,1326
8,19,2018,1327
8,20,2018,1328
8,21,2018,1329
8,22,2018,1330
8,23,2018,1331
8,24,2018,1332
8,25,2018,1333
8,26,2018,1334
8,27,2018,1335
8,28,2018,1336
8,29,2018,1337
8,30,2018,1338
8,31,2018,1339
9,1,2018,1340
9,2,2018,1341
9,3,2018,1342
9,4,2018,1343
9,5,2018,1344
9,6,2018,1345
9,7,2018,1346
9,8,2018,1347
9,9,2018,1348
9,10,2018,1349
9,11,2018,1350
9,12,2018,1351
9,13,2018,1352
9,14,2018,1353
9,15,2018,1354
9,16,2018,1355
9,17,2018,1356
9,18,2018,1357
9,19,2018,1358
9,20,2018,1359
9,21,2018,1360
9,22,2018,1361
9,23,2018,1362
9,24,2018,1363
9,25,2018,1364
9,26,2018,1365
9,27,2018,1366
9,28,2018,1367
9,29,2018,1368
9,30,2018,1369
10,1,2018,1370
10,2,2018,1371
10,3,2018,1372
10,4,2018,1373
10,5,2018,1374
10,6,2018,1375
10,7,2018,1376
10,8,2018,1377
10,9,2018,1378
10,10,2018,1379
10,11,2018,1380
10,12,2018,1381
10,13,2018,1382
10,14,2018,1383
10,15,2018,1384
10,16,2018,1385
10,17,2018,1386
10,18,2018,1387
10,19,2018,1388
10,20,2018,1389
10,21,2018,1390
10,22,2018,1391
10,23,2018,1392
10,24,2018,1393
10,25,2018,1394
10,26,2018,1395
10,27,2018,1396
10,28,2018,1397
10,29,2018,1398
10,30,2018,1399
10,31,2018,1400
11,1,2018,1401
11,2,2018,1402
11,3,2018,1403
11,4,2018,1404
11,5,2018,1405
11,6,2018,1406
11,7,2018,1407
11,8,2018,1408
11,9,2018,1409
11,10,2018,1410
11,11,2018,1411
11,12,2018,1412
11,13,2018,1413
11,14,2018,1414
11,15,2018,1415
11,16,2018,1416
11,17,2018,1417
11,18,2018,1418
11,19,2018,1419
11,20,2018,1420
11,21,2018,1421
11,22,2018,1422
11,23,2018,1423
11,24,2018,1424
11,25,2018,1425
11,26,2018,1426
11,27,2018,1427
11,28,2018,1428
11,29,2018,1429
11,30,2018,1430
12,1,2018,1431
12,2,2018,1432
12,3,2018,1433
12,4,2018,1434
12,5,2018,1435
12,6,2018,1436
12,7,2018,1437
12,8,2018,1438
12,9,2018,1439
12,10,2018,1440
12,11,2018,1441
12,12,2018,1442
12,13,2018,1443
12,14,2018,1444
12,15,2018,1445
12,16,2018,1446
12,17,2018,1447
12,18,2018,1448
12,19,2018,1449
12,20,2018,1450
12,21,2018,1451
12,22,2018,1452
12,23,2018,1453
12,24,2018,1454
12,25,2018,1455
12,26,2018,1456
12,27,2018,1457
12,28,2018,1458
12,29,2018,1459
12,30,2018,1460
12,31,2018,1461
1,1,2019,1462
1,2,2019,1463
1,3,2019,1464
1,4,2019,1465
1,5,2019,1466
1,6,2019,1467
1,7,2019,1468
1,8,2019,1469
1,9,2019,1470
1,10,2019,1471
1,11,2019,1472
1,12,2019,1473
1,13,2019,1474
1,14,2019,1475
1,15,2019,1476
1,16,2019,1477
1,17,2019,1478
1,18,2019,1479
1,19,2019,1480
1,20,2019,1481
1,21,2019,1482
1,22,2019,1483
1,23,2019,1484
1,24,2019,1485
1,25,2019,1486
1,26,2019,1487
1,27,2019,1488
1,28,2019,1489
1,29,2019,1490
1,30,2019,1491
1,31,2019,1492
2,1,2019,1493
2,2,2019,1494
2,3,2019,1495
2,4,2019,1496
2,5,2019,1497
2,6,2019,1498
2,7,2019,1499
2,8,2019,1500
2,9,2019,1501
2,10,2019,1502
2,11,2019,1503
2,12,2019,1504
2,13,2019,1505
2,14,2019,1506
2,15,2019,1507
2,16,2019,1508
2,17,2019,1509
2,18,2019,1510
2,19,2019,1511
2,20,2019,1512
2,21,2019,1513
2,22,2019,1514
2,23,2019,1515
2,24,2019,1516
2,25,2019,1517
2,26,2019,1518
2,27,2019,1519
2,28,2019,1520
3,1,2019,1521
3,2,2019,1522
3,3,2019,1523
3,4,2019,1524
3,5,2019,1525
3,6,2019,1526
3,7,2019,1527
3,8,2019,1528
3,9,2019,1529
3,10,2019,1530
3,11,2019,1531
3,12,2019,1532
3,13,2019,1533
3,14,2019,1534
3,15,2019,1535
3,16,2019,1536
3,17,2019,1537
3,18,2019,1538
3,19,2019,1539
3,20,2019,1540
3,21,2019,1541
3,22,2019,1542
3,23,2019,1543
3,24,2019,1544
3,25,2019,1545
3,26,2019,1546
3,27,2019,1547
3,28,2019,1548
3,29,2019,1549
3,30,2019,1550
3,31,2019,1551
4,1,2019,1552
4,2,2019,1553
4,3,2019,1554
4,4,2019,1555
4,5,2019,1556
4,6,2019,1557
4,7,2019,1558
4,8,2019,1559
4,9,2019,1560
4,10,2019,1561
4,11,2019,1562
4,12,2019,1563
4,13,2019,1564
4,14,2019,1565
4,15,2019,1566
4,16,2019,1567
4,17,2019,1568
4,18,2019,1569
4,19,2019,1570
4,20,2019,1571
4,21,2019,1572
4,22,2019,1573
4,23,2019,1574
4,24,2019,1575
4,25,2019,1576
4,26,2019,1577
4,27,2019,1578
4,28,2019,1579
4,29,2019,1580
4,30,2019,1581
5,1,2019,1582
5,2,2019,1583
5,3,2019,1584
5,4,2019,1585
5,5,2019,1586
5,6,2019,1587
5,7,2019,1588
5,8,2019,1589
5,9,2019,1590
5,10,2019,1591
5,11,2019,1592
5,12,2019,1593
5,13,2019,1594
5,14,2019,1595
5,15,2019,1596
5,16,2019,1597
5,17,2019,1598
5,18,2019,1599
5,19,2019,1600
5,20,2019,1601
5,21,2019,1602
5,22,2019,1603
5,23,2019,1604
5,24,2019,1605
5,25,2019,1606
5,26,2019,1607
5,27,2019,1608
5,28,2019,1609
5,29,2019,1610
5,30,2019,1611
5,31,2019,1612
6,1,2019,1613
6,2,2019,1614
6,3,2019,1615
6,4,2019,1616
6,5,2019,1617
6,6,2019,1618
6,7,2019,1619
6,8,2019,1620
6,9,2019,1621
6,10,2019,1622
6,11,2019,1623
6,12,2019,1624
6,13,2019,1625
6,14,2019,1626
6,15,2019,1627
6,16,2019,1628
6,17,2019,1629
6,18,2019,1630
6,19,2019,1631
6,20,2019,1632
6,21,2019,1633
6,22,2019,1634
6,23,2019,1635
6,24,2019,1636
6,25,2019,1637
6,26,2019,1638
6,27,2019,1639
6,28,2019,1640
6,29,2019,1641
6,30,2019,1642
7,1,2019,1643
7,2,2019,1644
7,3,2019,1645
7,4,2019,1646
7,5,2019,1647
7,6,2019,1648
7,7,2019,1649
7,8,2019,1650
7,9,2019,1651
7,10,2019,1652
7,11,2019,1653
7,12,2019,1654
7,13,2019,1655
7,14,2019,1656
7,15,2019,1657
7,16,2019,1658
7,17,2019,1659
7,18,2019,1660
7,19,2019,1661
7,20,2019,1662
7,21,2019,1663
7,22,2019,1664
7,23,2019,1665
7,24,2019,1666
7,25,2019,1667
7,26,2019,1668
7,27,2019,1669
7,28,2019,1670
7,29,2019,1671
7,30,2019,1672
7,31,2019,1673
8,1,2019,1674
8,2,2019,1675
8,3,2019,1676
8,4,2019,1677
8,5,2019,1678
8,6,2019,1679
8,7,2019,1680
8,8,2019,1681
8,9,2019,1682
8,10,2019,1683
8,11,2019,1684
8,12,2019,1685
8,13,2019,1686
8,14,2019,1687
8,15,2019,1688
8,16,2019,1689
8,17,2019,1690
8,18,2019,1691
8,19,2019,1692
8,20,2019,1693
8,21,2019,1694
8,22,2019,1695
8,23,2019,1696
8,24,2019,1697
8,25,2019,1698
8,26,2019,1699
8,27,2019,1700
8,28,2019,1701
8,29,2019,1702
8,30,2019,1703
8,31,2019,1704
9,1,2019,1705
9,2,2019,1706
9,3,2019,1707
9,4,2019,1708
9,5,2019,1709
9,6,2019,1710
9,7,2019,1711
9,8,2019,1712
9,9,2019,1713
9,10,2019,1714
9,11,2019,1715
9,12,2019,1716
9,13,2019,1717
9,14,2019,1718
9,15,2019,1719
9,16,2019,1720
9,17,2019,1721
9,18,2019,1722
9,19,2019,1723
9,20,2019,1724
9,21,2019,1725
9,22,2019,1726
9,23,2019,1727
9,24,2019,1728
9,25,2019,1729
9,26,2019,1730
9,27,2019,1731
9,28,2019,1732
9,29,2019,1733
9,30,2019,1734
10,1,2019,1735
10,2,2019,1736
10,3,2019,1737
10,4,2019,1738
10,5,2019,1739
10,6,2019,1740
10,7,2019,1741
10,8,2019,1742
10,9,2019,1743
10,10,2019,1744
10,11,2019,1745
10,12,2019,1746
10,13,2019,1747
10,14,2019,1748
10,15,2019,1749
10,16,2019,1750
10,17,2019,1751
10,18,2019,1752
10,19,2019,1753
10,20,2019,1754
10,21,2019,1755
10,22,2019,1756
10,23,2019,1757
10,24,2019,1758
10,25,2019,1759
10,26,2019,1760
10,27,2019,1761
10,28,2019,1762
10,29,2019,1763
10,30,2019,1764
10,31,2019,1765
11,1,2019,1766
11,2,2019,1767
11,3,2019,1768
11,4,2019,1769
11,5,2019,1770
11,6,2019,1771
11,7,2019,1772
11,8,2019,1773
11,9,2019,1774
11,10,2019,1775
11,11,2019,1776
11,12,2019,1777
11,13,2019,1778
11,14,2019,1779
11,15,2019,1780
11,16,2019,1781
11,17,2019,1782
11,18,2019,1783
11,19,2019,1784
11,20,2019,1785
11,21,2019,1786
11,22,2019,1787
11,23,2019,1788
11,24,2019,1789
11,25,2019,1790
11,26,2019,1791
11,27,2019,1792
11,28,2019,1793
11,29,2019,1794
11,30,2019,1795
12,1,2019,1796
12,2,2019,1797
12,3,2019,1798
12,4,2019,1799
12,5,2019,1800
12,6,2019,1801
12,7,2019,1802
12,8,2019,1803
12,9,2019,1804
12,10,2019,1805
12,11,2019,1806
12,12,2019,1807
12,13,2019,1808
12,14,2019,1809
12,15,2019,1810
12,16,2019,1811
12,17,2019,1812
12,18,2019,1813
12,19,2019,1814
12,20,2019,1815
12,21,2019,1816
12,22,2019,1817
12,23,2019,1818
12,24,2019,1819
12,25,2019,1820
12,26,2019,1821
12,27,2019,1822
12,28,2019,1823
12,29,2019,1824
12,30,2019,1825
12,31,2019,1826
1,1,2020,1827
1,2,2020,1828
1,3,2020,1829
1,4,2020,1830
1,5,2020,1831
1,6,2020,1832
1,7,2020,1833
1,8,2020,1834
1,9,2020,1835
1,10,2020,1836
1,11,2020,1837
1,12,2020,1838
1,13,2020,1839
1,14,2020,1840
1,15,2020,1841
1,16,2020,1842
1,17,2020,1843
1,18,2020,1844
1,19,2020,1845
1,20,2020,1846
1,21,2020,1847
1,22,2020,1848
1,23,2020,1849
1,24,2020,1850
1,25,2020,1851
1,26,2020,1852
1,27,2020,1853
1,28,2020,1854
1,29,2020,1855
1,30,2020,1856
1,31,2020,1857
2,1,2020,1858
2,2,2020,1859
2,3,2020,1860
2,4,2020,1861
2,5,2020,1862
2,6,2020,1863
2,7,2020,1864
2,8,2020,1865
2,9,2020,1866
2,10,2020,1867
2,11,2020,1868
2,12,2020,1869
2,13,2020,1870
2,14,2020,1871
2,15,2020,1872
2,16,2020,1873
2,17,2020,1874
2,18,2020,1875
2,19,2020,1876
2,20,2020,1877
2,21,2020,1878
2,22,2020,1879
2,23,2020,1880
2,24,2020,1881
2,25,2020,1882
2,26,2020,1883
2,27,2020,1884
2,28,2020,1885
2,29,2020,1886
3,1,2020,1887
3,2,2020,1888
3,3,2020,1889
3,4,2020,1890
3,5,2020,1891
3,6,2020,1892
3,7,2020,1893
3,8,2020,1894
3,9,2020,1895
3,10,2020,1896
3,11,2020,1897
3,12,2020,1898
3,13,2020,1899
3,14,2020,1900
3,15,2020,1901
3,16,2020,1902
3,17,2020,1903
3,18,2020,1904
3,19,2020,1905
3,20,2020,1906
3,21,2020,1907
3,22,2020,1908
3,23,2020,1909
3,24,2020,1910
3,25,2020,1911
3,26,2020,1912
3,27,2020,1913
3,28,2020,1914
3,29,2020,1915
3,30,2020,1916
3,31,2020,1917
4,1,2020,1918
4,2,2020,1919
4,3,2020,1920
4,4,2020,1921
4,5,2020,1922
4,6,2020,1923
4,7,2020,1924
4,8,2020,1925
4,9,2020,1926
4,10,2020,1927
4,11,2020,1928
4,12,2020,1929
4,13,2020,1930
4,14,2020,1931
4,15,2020,1932
4,16,2020,1933
4,17,2020,1934
4,18,2020,1935
4,19,2020,1936
4,20,2020,1937
4,21,2020,1938
4,22,2020,1939
4,23,2020,1940
4,24,2020,1941
4,25,2020,1942
4,26,2020,1943
4,27,2020,1944
4,28,2020,1945
4,29,2020,1946
4,30,2020,1947
5,1,2020,1948
5,2,2020,1949
5,3,2020,1950
5,4,2020,1951
5,5,2020,1952
5,6,2020,1953
5,7,2020,1954
5,8,2020,1955
5,9,2020,1956
5,10,2020,1957
5,11,2020,1958
5,12,2020,1959
5,13,2020,1960
5,14,2020,1961
5,15,2020,1962
5,16,2020,1963
5,17,2020,1964
5,18,2020,1965
5,19,2020,1966
5,20,2020,1967
5,21,2020,1968
5,22,2020,1969
5,23,2020,1970
5,24,2020,1971
5,25,2020,1972
5,26,2020,1973
5,27,2020,1974
5,28,2020,1975
5,29,2020,1976
5,30,2020,1977
5,31,2020,1978
6,1,2020,1979
6,2,2020,1980
6,3,2020,1981
6,4,2020,1982
6,5,2020,1983
6,6,2020,1984
6,7,2020,1985
6,8,2020,1986
6,9,2020,1987
6,10,2020,1988
6,11,2020,1989
6,12,2020,1990
6,13,2020,1991
6,14,2020,1992
6,15,2020,1993
6,16,2020,1994
6,17,2020,1995
6,18,2020,1996
6,19,2020,1997
6,20,2020,1998
6,21,2020,1999
6,22,2020,2000
6,23,2020,2001
6,24,2020,2002
6,25,2020,2003
6,26,2020,2004
6,27,2020,2005
6,28,2020,2006
6,29,2020,2007
6,30,2020,2008
7,1,2020,2009
7,2,2020,2010
7,3,2020,2011
7,4,2020,2012
7,5,2020,2013
7,6,2020,2014
7,7,2020,2015
7,8,2020,2016
7,9,2020,2017
7,10,2020,2018
7,11,2020,2019
7,12,2020,2020
7,13,2020,2021
7,14,2020,2022
7,15,2020,2023
7,16,2020,2024
7,17,2020,2025
7,18,2020,2026
7,19,2020,2027
7,20,2020,2028
7,21,2020,2029
7,22,2020,2030
7,23,2020,2031
7,24,2020,2032
7,25,2020,2033
7,26,2020,2034
7,27,2020,2035
7,28,2020,2036
7,29,2020,2037
7,30,2020,2038
7,31,2020,2039
8,1,2020,2040
8,2,2020,2041
8,3,2020,2042
8,4,2020,2043
8,5,2020,2044
8,6,2020,2045
8,7,2020,2046
8,8,2020,2047
8,9,2020,2048
8,10,2020,2049
8,11,2020,2050
8,12,2020,2051
8,13,2020,2052
8,14,2020,2053
8,15,2020,2054
8,16,2020,2055
8,17,2020,2056
8,18,2020,2057
8,19,2020,2058
8,20,2020,2059
8,21,2020,2060
8,22,2020,2061
8,23,2020,2062
8,24,2020,2063
8,25,2020,2064
8,26,2020,2065
8,27,2020,2066
8,28,2020,2067
8,29,2020,2068
8,30,2020,2069
8,31,2020,2070
9,1,2020,2071
9,2,2020,2072
9,3,2020,2073
9,4,2020,2074
9,5,2020,2075
9,6,2020,2076
9,7,2020,2077
9,8,2020,2078
9,9,2020,2079
9,10,2020,2080
9,11,2020,2081
9,12,2020,2082
9,13,2020,2083
9,14,2020,2084
9,15,2020,2085
9,16,2020,2086
9,17,2020,2087
9,18,2020,2088
9,19,2020,2089
9,20,2020,2090
9,21,2020,2091
9,22,2020,2092
9,23,2020,2093
9,24,2020,2094
9,25,2020,2095
9,26,2020,2096
9,27,2020,2097
9,28,2020,2098
9,29,2020,2099
9,30,2020,2100
10,1,2020,2101
10,2,2020,2102
10,3,2020,2103
10,4,2020,2104
10,5,2020,2105
10,6,2020,2106
10,7,2020,2107
10,8,2020,2108
10,9,2020,2109
10,10,2020,2110
10,11,2020,2111
10,12,2020,2112
10,13,2020,2113
10,14,2020,2114
10,15,2020,2115
10,16,2020,2116
10,17,2020,2117
10,18,2020,2118
10,19,2020,2119
10,20,2020,2120
10,21,2020,2121
10,22,2020,2122
10,23,2020,2123
10,24,2020,2124
10,25,2020,2125
10,26,2020,2126
10,27,2020,2127
10,28,2020,2128
10,29,2020,2129
10,30,2020,2130
10,31,2020,2131
11,1,2020,2132
11,2,2020,2133
11,3,2020,2134
11,4,2020,2135
11,5,2020,2136
11,6,2020,2137
11,7,2020,2138
11,8,2020,2139
11,9,2020,2140
11,10,2020,2141
11,11,2020,2142
11,12,2020,2143
11,13,2020,2144
11,14,2020,2145
11,15,2020,2146
11,16,2020,2147
11,17,2020,2148
11,18,2020,2149
11,19,2020,2150
11,20,2020,2151
11,21,2020,2152
11,22,2020,2153
11,23,2020,2154
11,24,2020,2155
11,25,2020,2156
11,26,2020,2157
11,27,2020,2158
11,28,2020,2159
11,29,2020,2160
11,30,2020,2161
12,1,2020,2162
12,2,2020,2163
12,3,2020,2164
12,4,2020,2165
12,5,2020,2166
12,6,2020,2167
12,7,2020,2168
12,8,2020,2169
12,9,2020,2170
12,10,2020,2171
12,11,2020,2172
12,12,2020,2173
12,13,2020,2174
12,14,2020,2175
12,15,2020,2176
12,16,2020,2177
12,17,2020,2178
12,18,2020,2179
12,19,2020,2180
12,20,2020,2181
12,21,2020,2182
12,22,2020,2183
12,23,2020,2184
12,24,2020,2185
12,25,2020,2186
12,26,2020,2187
12,27,2020,2188
12,28,2020,2189
12,29,2020,2190
12,30,2020,2191
12,31,2020,2192
1,1,2021,2193
1,2,2021,2194
1,3,2021,2195
1,4,2021,2196
1,5,2021,2197
1,6,2021,2198
1,7,2021,2199
1,8,2021,2200
1,9,2021,2201
1,10,2021,2202
1,11,2021,2203
1,12,2021,2204
1,13,2021,2205
1,14,2021,2206
1,15,2021,2207
1,16,2021,2208
1,17,2021,2209
1,18,2021,2210
1,19,2021,2211
1,20,2021,2212
1,21,2021,2213
1,22,2021,2214
1,23,2021,2215
1,24,2021,2216
1,25,2021,2217
1,26,2021,2218
1,27,2021,2219
1,28,2021,2220
1,29,2021,2221
1,30,2021,2222
1,31,2021,2223
2,1,2021,2224
2,2,2021,2225
2,3,2021,2226
2,4,2021,2227
2,5,2021,2228
2,6,2021,2229
2,7,2021,2230
2,8,2021,2231
2,9,2021,2232
2,10,2021,2233
2,11,2021,2234
2,12,2021,2235
2,13,2021,2236
2,14,2021,2237
2,15,2021,2238
2,16,2021,2239
2,17,2021,2240
2,18,2021,2241
2,19,2021,2242
2,20,2021,2243
2,21,2021,2244
2,22,2021,2245
2,23,2021,2246
2,24,2021,2247
2,25,2021,2248
2,26,2021,2249
2,27,2021,2250
2,28,2021,2251
3,1,2021,2252
3,2,2021,2253
3,3,2021,2254
3,4,2021,2255
3,5,2021,2256
3,6,2021,2257
3,7,2021,2258
3,8,2021,2259
3,9,2021,2260
3,10,2021,2261
3,11,2021,2262
3,12,2021,2263
3,13,2021,2264
3,14,2021,2265
3,15,2021,2266
3,16,2021,2267
3,17,2021,2268
3,18,2021,2269
3,19,2021,2270
3,20,2021,2271
3,21,2021,2272
3,22,2021,2273
3,23,2021,2274
3,24,2021,2275
3,25,2021,2276
3,26,2021,2277
3,27,2021,2278
3,28,2021,2279
3,29,2021,2280
3,30,2021,2281
3,31,2021,2282
4,1,2021,2283
4,2,2021,2284
4,3,2021,2285
4,4,2021,2286
4,5,2021,2287
4,6,2021,2288
4,7,2021,2289
4,8,2021,2290
4,9,2021,2291
4,10,2021,2292
4,11,2021,2293
4,12,2021,2294
4,13,2021,2295
4,14,2021,2296
4,15,2021,2297
4,16,2021,2298
4,17,2021,2299
4,18,2021,2300
4,19,2021,2301
4,20,2021,2302
4,21,2021,2303
4,22,2021,2304
4,23,2021,2305
4,24,2021,2306
4,25,2021,2307
4,26,2021,2308
4,27,2021,2309
4,28,2021,2310
4,29,2021,2311
4,30,2021,2312
5,1,2021,2313
5,2,2021,2314
5,3,2021,2315
5,4,2021,2316
5,5,2021,2317
5,6,2021,2318
5,7,2021,2319
5,8,2021,2320
5,9,2021,2321
5,10,2021,2322
5,11,2021,2323
5,12,2021,2324
5,13,2021,2325
5,14,2021,2326
5,15,2021,2327
5,16,2021,2328
5,17,2021,2329
5,18,2021,2330
5,19,2021,2331
5,20,2021,2332
5,21,2021,2333
5,22,2021,2334
5,23,2021,2335
5,24,2021,2336
5,25,2021,2337
5,26,2021,2338
5,27,2021,2339
5,28,2021,2340
5,29,2021,2341
5,30,2021,2342
5,31,2021,2343
6,1,2021,2344
6,2,2021,2345
6,3,2021,2346
6,4,2021,2347
6,5,2021,2348
6,6,2021,2349
6,7,2021,2350
6,8,2021,2351
6,9,2021,2352
6,10,2021,2353
6,11,2021,2354
6,12,2021,2355
6,13,2021,2356
6,14,2021,2357
6,15,2021,2358
6,16,2021,2359
6,17,2021,2360
6,18,2021,2361
6,19,2021,2362
6,20,2021,2363
6,21,2021,2364
6,22,2021,2365
6,23,2021,2366
6,24,2021,2367
6,25,2021,2368
6,26,2021,2369
6,27,2021,2370
6,28,2021,2371
6,29,2021,2372
6,30,2021,2373
7,1,2021,2374
7,2,2021,2375
7,3,2021,2376
7,4,2021,2377
7,5,2021,2378
7,6,2021,2379
7,7,2021,2380
7,8,2021,2381
7,9,2021,2382
7,10,2021,2383
7,11,2021,2384
7,12,2021,2385
7,13,2021,2386
7,14,2021,2387
7,15,2021,2388
7,16,2021,2389
7,17,2021,2390
7,18,2021,2391
7,19,2021,2392
7,20,2021,2393
7,21,2021,2394
7,22,2021,2395
7,23,2021,2396
7,24,2021,2397
7,25,2021,2398
7,26,2021,2399
7,27,2021,2400
7,28,2021,2401
7,29,2021,2402
7,30,2021,2403
7,31,2021,2404
8,1,2021,2405
8,2,2021,2406
8,3,2021,2407
8,4,2021,2408
8,5,2021,2409
8,6,2021,2410
8,7,2021,2411
8,8,2021,2412
8,9,2021,2413
8,10,2021,2414
8,11,2021,2415
8,12,2021,2416
8,13,2021,2417
8,14,2021,2418
8,15,2021,2419
8,16,2021,2420
8,17,2021,2421
8,18,2021,2422
8,19,2021,2423
8,20,2021,2424
8,21,2021,2425
8,22,2021,2426
8,23,2021,2427
8,24,2021,2428
8,25,2021,2429
8,26,2021,2430
8,27,2021,2431
8,28,2021,2432
8,29,2021,2433
8,30,2021,2434
8,31,2021,2435
9,1,2021,2436
9,2,2021,2437
9,3,2021,2438
9,4,2021,2439
9,5,2021,2440
9,6,2021,2441
9,7,2021,2442
9,8,2021,2443
9,9,2021,2444
9,10,2021,2445
9,11,2021,2446
9,12,2021,2447
9,13,2021,2448
9,14,2021,2449
9,15,2021,2450
9,16,2021,2451
9,17,2021,2452
9,18,2021,2453
9,19,2021,2454
9,20,2021,2455
9,21,2021,2456
9,22,2021,2457
9,23,2021,2458
9,24,2021,2459
9,25,2021,2460
9,26,2021,2461
9,27,2021,2462
9,28,2021,2463
9,29,2021,2464
9,30,2021,2465
10,1,2021,2466
10,2,2021,2467
10,3,2021,2468
10,4,2021,2469
10,5,2021,2470
10,6,2021,2471
10,7,2021,2472
10,8,2021,2473
10,9,2021,2474
10,10,2021,2475
10,11,2021,2476
10,12,2021,2477
10,13,2021,2478
10,14,2021,2479
10,15,2021,2480
10,16,2021,2481
10,17,2021,2482
10,18,2021,2483
10,19,2021,2484
10,20,2021,2485
10,21,2021,2486
10,22,2021,2487
10,23,2021,2488
10,24,2021,2489
10,25,2021,2490
10,26,2021,2491
10,27,2021,2492
10,28,2021,2493
10,29,2021,2494
10,30,2021,2495
10,31,2021,2496
11,1,2021,2497
11,2,2021,2498
11,3,2021,2499
11,4,2021,2500
11,5,2021,2501
11,6,2021,2502
11,7,2021,2503
11,8,2021,2504
11,9,2021,2505
11,10,2021,2506
11,11,2021,2507
11,12,2021,2508
11,13,2021,2509
11,14,2021,2510
11,15,2021,2511
11,16,2021,2512
11,17,2021,2513
11,18,2021,2514
11,19,2021,2515
11,20,2021,2516
11,21,2021,2517
11,22,2021,2518
11,23,2021,2519
11,24,2021,2520
11,25,2021,2521
11,26,2021,2522
11,27,2021,2523
11,28,2021,2524
11,29,2021,2525
11,30,2021,2526
12,1,2021,2527
12,2,2021,2528
12,3,2021,2529
12,4,2021,2530
12,5,2021,2531
12,6,2021,2532
12,7,2021,2533
12,8,2021,2534
12,9,2021,2535
12,10,2021,2536
12,11,2021,2537
12,12,2021,2538
12,13,2021,2539
12,14,2021,2540
12,15,2021,2541
12,16,2021,2542
12,17,2021,2543
12,18,2021,2544
12,19,2021,2545
12,20,2021,2546
12,21,2021,2547
12,22,2021,2548
12,23,2021,2549
12,24,2021,2550
12,25,2021,2551
12,26,2021,2552
12,27,2021,2553
12,28,2021,2554
12,29,2021,2555
12,30,2021,2556
12,31,2021,2557
