Discount%,date,idStore,productID,employeeID
1,6/18/2022,5,101241,01H0B0H03TYG2RM3EFSZE2NGXN
0,10/7/2022,3,59753,01H0B0H00FYZVCGP6FYAV1RY5J
1,11/3/2022,1,101241,01H0B0GZZ82TQCJGKJTDGWA1GP
13,11/22/2022,1,72991,01H0B0GZS5V2NMV3ZY0F2ZY5TN
0,11/5/2022,2,56669,01H0B0GZXH9NSZJZXX5XH8JYH8
43,3/17/2023,5,66515,01H0B0GZS974PFCD0QH87FESY6
21,2/7/2023,1,56669,01H0B0H07AS0M2T3X508B3XS5S
39,7/25/2022,4,101124,01H0B0GZRYNYH0WYBKYAMK69SB
44,2/28/2023,1,80813,01H0B0H05YJBBDG2WMCEREQPFM
13,1/23/2023,5,97024,01H0B0GZZK95FVMKZWFB48YXKH
43,3/19/2023,2,99184,01H0B0GZXWYTF70PWPK4DYKBD7
24,9/21/2022,1,102254,01H0B0GZZ77WS7XFA10JTEA08J
37,4/17/2023,4,97024,01H0B0H00PM1B836THB1NTTY7V
34,2/26/2023,2,72991,01H0B0GZZR8GRPAVMYKP80NKYJ
26,6/9/2022,5,80813,01H0B0GZQT3K0EEWPV2BJNFS66
0,2/15/2023,4,87849,01H0B0H073505YCA0F6170EC62
38,9/1/2022,5,76682,01H0B0GZRPJ2ZE0MPF4JRPT4E7
46,7/12/2022,4,92655,01H0B0H08K7VZ8WN3HZ3TCRMP2
31,9/8/2022,3,76682,01H0B0GZZYK029W4DZ6EZFQBFM
9,2/4/2023,5,59143,01H0B0GZV318CF614VHC0G4E57
9,7/25/2022,4,99184,01H0B0H013ZE2TRBHJPXDKR6XE
34,1/28/2023,2,97024,01H0B0GZRC4EJKY8Z8M97VV02E
2,6/6/2022,1,80813,01H0B0GZTZNZ5J0FV6291A8JZC
7,12/2/2022,3,99184,01H0B0H07CDTS1KYSC4NF1JMV8
37,12/25/2022,2,70266,01H0B0H07J12Y6V63HTZ7J8EMM
19,1/21/2023,4,99184,01H0B0H053T27C42YWZ08JNWJF
12,5/14/2022,2,66515,01H0B0H05SBWE18K6GTTS30K3G
0,3/9/2023,3,111515,01H0B0GZZB64K2X2THB62BYY7D
24,6/15/2022,2,87849,01H0B0H04KB3RCE4MQ4DQEFK7Y
12,10/20/2022,5,66042,01H0B0H07X3J3W8EVMG2CBD0BH
1,10/30/2022,4,66803,01H0B0GZZ3NCY3KTWDG4ERK3E9
15,4/20/2023,3,59143,01H0B0GZXDWPTRJRGCS2P50PMM
24,9/28/2022,4,87849,01H0B0H049BJB019YJF2H6VM6B
14,12/20/2022,2,95642,01H0B0H06Y1Q4CWJYZ2R11T5AZ
19,2/17/2023,5,66115,01H0B0GZWBV92DNVE6J99ACAX3
4,8/29/2022,4,107462,01H0B0H00X3MN83KXKTFPZWR5H
5,7/24/2022,5,66115,01H0B0H07QVK4CX44BED5QXS8W
0,4/28/2023,1,80081,01H0B0H00PM1B836THB1NTTY7V
41,3/10/2023,1,101124,01H0B0H01ERCZ0ECPQ9W5R0Q6X
35,4/7/2023,2,69365,01H0B0H06W9DTEQR1Z68G2EYC3
48,11/23/2022,1,80813,01H0B0H06AAVTEWBDJ427Q9FY7
11,3/6/2023,4,95642,01H0B0GZW2DS3NSW2FJZ6VTBSQ
47,8/1/2022,1,56669,01H0B0H00ZAZS0DWH6WP5WKF6K
25,12/23/2022,5,99184,01H0B0H05AJRXCZAMRY7VWDV3F
21,3/30/2023,1,59143,01H0B0H06ZMF39NT2ZDM2Y6N8E
40,8/3/2022,3,97024,01H0B0H037E6S279SH2EX8NZB9
25,3/22/2023,5,61974,01H0B0H07J94EAX98E6HZ9ATJV
46,1/30/2023,1,99184,01H0B0GZT3B2A7TR49EV1VTQN3
35,1/15/2023,3,66115,01H0B0GZW5BB9SMFNWTRDTVEG1
23,3/28/2023,3,105469,01H0B0H01T51KVVEAS0JY8VRHP
38,9/14/2022,4,66515,01H0B0GZZ5R7GDVRTTZ5GX0KDX
30,6/9/2022,1,56669,01H0B0GZS4DWSZD4TSNBS9CE8B
37,10/30/2022,1,101717,01H0B0H037E6S279SH2EX8NZB9
18,2/7/2023,2,101124,01H0B0H0713ZPZ27SB8D9VMQH5
50,2/3/2023,4,59753,01H0B0GZVJM07CCMRQT06EYZZY
,,,,
,,,,
,,,,
,,,,
,,,,
,,,,
,,,,
,,,,
,,,,
,,,,
,,,,
,,,,
,,,,
,,,,
,,,,
0,8/27/2022,2,107462,01H0B0H081S8R3A6FEFHZPB7K3
14,9/26/2022,5,66042,01H0B0H04245N6SSVMCXSV5VJD
47,6/5/2022,3,70266,01H0B0GZXFBN1RW2ET1BRX4AAW
25,8/2/2022,3,66803,01H0B0H00PM1B836THB1NTTY7V
5,1/1/2023,3,70266,01H0B0GZY2EQXEBFZPF2MK077T
16,4/8/2023,5,72991,01H0B0H04KB3RCE4MQ4DQEFK7Y
39,4/18/2023,4,105469,01H0B0GZZMR5JNS1GV5HDTX7NQ
12,6/27/2022,5,80813,01H0B0H017EY1MR4AZ315F0RST
35,6/2/2022,2,102254,01H0B0GZXESWAR1EF76P110BYZ
1,5/26/2022,3,87849,01H0B0H02V9RHC2YMEYK139BPJ
48,6/28/2022,4,95642,01H0B0H04HBRT2TKB4ADRXVY92
30,10/21/2022,3,70266,01H0B0GZXGK9G2PM1TR9PWK2ER
8,4/22/2023,5,101241,01H0B0H06B7A07RAJXZ7PDADRG
25,8/11/2022,5,59143,01H0B0GZYQRP57FY0MZJVQ5XHN
39,6/27/2022,5,101124,01H0B0H02SW42RPKTSN20R7TC6
0,5/14/2022,1,101717,01H0B0GZWCVNHSBBAFWAF1711B
25,10/24/2022,1,89729,01H0B0H0841QDXM8571Y03FX80
0,1/18/2023,2,101717,01H0B0GZSM85QKRFPM5ZPX0VSK
16,10/9/2022,2,97024,01H0B0H07RZDVJ4CDNJDD2YXD6
9,12/8/2022,4,66803,01H0B0H01T51KVVEAS0JY8VRHP
27,6/5/2022,5,56669,01H0B0GZQTW0CGPF2FQWWJDY5T
25,9/29/2022,4,66515,01H0B0GZTPER29SQ5A61DNZ5EC
12,9/1/2022,1,66115,01H0B0H03WCJ7Y8MX25FEPTHCA
47,9/18/2022,3,56669,01H0B0GZWFEVKPP5CCAVRW3C5G
47,11/15/2022,4,95642,01H0B0H045795NTPSFEZXRG5EX
25,7/17/2022,5,72991,01H0B0GZQW6SFJBHFYNQYA368T
31,9/15/2022,3,105469,01H0B0GZQVFK7YN0T52C6M4B0S
50,6/7/2022,1,92655,01H0B0GZS6KDGHFK9G12GJ8SKG
2,2/14/2023,1,101241,01H0B0GZXXQ2R27G8P97ZDS7G0
37,2/15/2023,4,107462,01H0B0GZW7SE7PF8JAY6H07ZFW
29,3/20/2023,1,102254,01H0B0H00PM1B836THB1NTTY7V
41,6/10/2022,1,101717,01H0B0GZY6VTTGHZXGZMBM7X2R
42,11/15/2022,4,99184,01H0B0GZSJ90EHFTAD2EFJ9ZEF
33,9/7/2022,4,59143,01H0B0GZTGYTWRZYBSZX0WYVGK
22,10/17/2022,3,95642,01H0B0GZRZTC9TZA87W6A15YS6
15,9/3/2022,3,92655,01H0B0GZVYW667VR9RJT65593E
0,11/30/2022,4,66042,01H0B0H081S8R3A6FEFHZPB7K3
5,9/13/2022,4,102254,01H0B0H01VNRZWT371W92CYZVR
30,5/29/2022,2,66803,01H0B0H080CT7TZCGZ3BDZF2EC
19,9/12/2022,2,66042,01H0B0H081S8R3A6FEFHZPB7K3
38,4/13/2023,2,101717,01H0B0H01H7YRM7P5NHY9ZABGF
16,10/3/2022,4,66515,01H0B0GZRG8W5T578HGJXSZD0H
28,5/9/2023,1,89729,01H0B0GZQZR90JQ9B7AZ14SQHK
40,10/14/2022,3,59753,01H0B0GZW92JF3K6GXM6YNE8HS
5,3/16/2023,1,97024,01H0B0H02WHP84TZ4TXAWMFRFN
49,1/30/2023,2,95642,01H0B0H083M7AZWH9F8QJSNNQG
28,12/15/2022,2,105469,01H0B0H05TQWGBY1MDPRP4RHQ4
48,10/7/2022,5,87849,01H0B0GZR3G8RNDDVJ5DV0TDP9
0,9/3/2022,3,107462,01H0B0GZTR7ZHVEC25VQNN07DF
49,11/25/2022,1,66515,01H0B0GZTV5W5ZVAH8BZJM2Y2C
41,4/28/2023,5,70266,01H0B0H00Y0X0X4MT879V049DB
30,11/5/2022,4,101717,01H0B0GZZTJEBTPYHTY2J4Z197
40,10/6/2022,3,72991,01H0B0H04KB3RCE4MQ4DQEFK7Y
1,1/2/2023,1,66515,01H0B0GZZ43CDX08QPKS6NHXR4
37,3/31/2023,4,87849,01H0B0GZZMR5JNS1GV5HDTX7NQ
32,7/27/2022,5,66803,01H0B0GZZ3NCY3KTWDG4ERK3E9
3,2/1/2023,2,66042,01H0B0H04A627JPDM9GW0EZ1D2
2,10/8/2022,4,107462,01H0B0H00PM1B836THB1NTTY7V
41,7/10/2022,2,69365,01H0B0GZRWZ4NWKGPY9Y0SBBR7
4,8/14/2022,2,87849,01H0B0GZZZ9NWDAA0TSHJBC929
46,11/18/2022,4,66042,01H0B0GZTMN4GDCGZGNBA7TTSR
34,9/11/2022,4,99184,01H0B0H081S8FVV1ZBKQZMJE2W
42,12/12/2022,1,97024,01H0B0GZW92JF3K6GXM6YNE8HS
44,7/7/2022,2,72991,01H0B0H018TYT80ER69DKKKZTE
9,10/10/2022,3,97024,01H0B0H0506TA5GM9RK0TMJT6F
30,11/12/2022,2,66042,01H0B0H06W9DTEQR1Z68G2EYC3
8,6/16/2022,5,76682,01H0B0H0117GZ1GEPWNS93VWRG
5,9/21/2022,1,66042,01H0B0H03CXQTZ51G2S3RG2KCQ
46,6/2/2022,5,111515,01H0B0GZWGB2N150ZHWW31CHNH
0,11/26/2022,5,66115,01H0B0GZQTW0CGPF2FQWWJDY5T
27,1/7/2023,2,69365,01H0B0H07EPHRPWARQ68A6CY96
5,5/9/2023,4,80813,01H0B0H06ZMF39NT2ZDM2Y6N8E
20,6/5/2022,2,92655,01H0B0H04FSMFEWX6XA22G6JEA
49,10/24/2022,3,56669,01H0B0H044AAJZPC38CP518X53
37,12/7/2022,2,59143,01H0B0H04QMBW93CEMC5QS9Y59
11,2/21/2023,5,72991,01H0B0H03S225252Q8QJWVR5J7
31,2/22/2023,1,76682,01H0B0GZX35GWF15SQGZ4B7VRE
19,1/1/2023,5,66515,01H0B0H05QP7J7601DPCDT7196
34,7/27/2022,5,105469,01H0B0GZZ4KNF5Y7E085XJ27MQ
40,3/5/2023,1,61974,01H0B0H07E62Y6Y9QX4VWXC4YC
7,10/11/2022,4,56669,01H0B0GZY35J3D2WMZM7R6Q2HR
29,4/9/2023,4,111515,01H0B0H00PM1B836THB1NTTY7V
13,4/22/2023,4,66115,01H0B0GZXVRH6976RQESRV4RBT
32,9/11/2022,4,66042,01H0B0GZR9QDJDYJGB6D72XZ96
37,10/19/2022,2,66042,01H0B0H06K4SPFZBCEPJ0Q0B4R
8,5/29/2022,4,70266,01H0B0H05C1H3S8A137NRCN7FE
26,3/15/2023,1,66115,01H0B0GZTYDQE1XMG53H8W4KT4
15,6/18/2022,3,61974,01H0B0H05XKEWWRW904A7R5RAN
39,7/7/2022,1,66803,01H0B0GZR3MVZNACKBXJKA9Y76
27,11/2/2022,2,105469,01H0B0GZR7NJFB8YRM45JWE91D
0,11/26/2022,5,89729,01H0B0H00NA3NVHBX5JKTE9A3T
47,3/30/2023,4,92655,01H0B0H05236V83VE6HHABXVQP
20,5/16/2022,4,101241,01H0B0GZY2C64SDJG8B42YK9XN
43,2/27/2023,3,72991,01H0B0GZXBGWHTN05DJ7AGTN82
13,12/12/2022,5,76682,01H0B0GZZAB424JZ1422B1HCXR
14,5/25/2022,1,72991,01H0B0GZSKYDDBX1VC8SCEHHFT
21,12/19/2022,3,61974,01H0B0GZQJTM4FQJPTP7RCG7V8
39,9/12/2022,3,97024,01H0B0GZZEDNHD94T6KKYFTS80
10,6/6/2022,4,66515,01H0B0GZWN4Q4XAX7ZHYA5P90H
17,9/9/2022,2,80081,01H0B0H064Z13ZEAX8DER4GTRX
42,9/15/2022,3,101241,01H0B0GZT1NA8ZSASXRAHWAA00
14,11/1/2022,1,102254,01H0B0H05BK39JPR9QNVDJWYPS
3,10/10/2022,2,101241,01H0B0GZX50N6EH20X4G81VKR7
11,2/23/2023,4,70266,01H0B0H08GC2VABPPHC2DCEVTZ
45,10/11/2022,3,97024,01H0B0H06GQRCETTBB6DXHR6TZ
30,4/20/2023,2,101717,01H0B0GZV0798XDP5S6Z6M11CZ
23,6/22/2022,3,72991,01H0B0H04KB3RCE4MQ4DQEFK7Y
,,,,
31,8/2/2022,5,87849,01H0B0H07K1APDZ14MQT0FGY7X
0,8/14/2022,5,102254,01H0B0GZV5C70SMHV2S20H27ZP
48,3/18/2023,3,107462,01H0B0H00X3MN83KXKTFPZWR5H
1,10/6/2022,3,105469,01H0B0GZTND4A00GH99X31XCB1
40,8/22/2022,4,105469,01H0B0H07HGJMWY9BD1X96BG7R
40,10/11/2022,3,101241,01H0B0GZXDWPTRJRGCS2P50PMM
32,2/19/2023,3,56669,01H0B0GZSVH5ZR6AV0JT145FWC
28,12/27/2022,1,107462,01H0B0H04X4X18KGAXVE0WE83N
23,6/23/2022,5,66115,01H0B0H01SRN3AWPJXZZNSAGX2
32,4/1/2023,3,97024,01H0B0GZT1NA8ZSASXRAHWAA00
30,12/20/2022,5,101717,01H0B0H01YDMAS7XBC6K7A0QTS
12,5/10/2023,3,66042,01H0B0H011EV3NZCDYS304JERE
15,8/29/2022,4,87849,01H0B0GZR0D33FSC9ZSD3SM85K
30,6/21/2022,1,101241,01H0B0H04WDP7E3QQS34E0R6N4
5,10/3/2022,1,99184,01H0B0H06SA9HK9MWZEGK8SZ0N
32,3/16/2023,5,97024,01H0B0GZSVCDTHZJFG1PGDSH9A
3,5/15/2022,4,69365,01H0B0GZY1WBKFPEM4T1W2J51Z
21,2/6/2023,1,87849,01H0B0H04K3YAPBZX4NB6PH93A
21,7/25/2022,4,69365,01H0B0H03ZE34FHW1E1XY6ZY4M
0,11/7/2022,2,70266,01H0B0H03JS9H4X48J3D6DKQ9P
0,4/12/2023,3,102254,01H0B0H06VWRPHPV6ZPFS1Z62S
0,12/28/2022,4,95642,01H0B0GZXW8SVN4E9Y211WMZ05
0,6/6/2022,3,70266,01H0B0H0512Y8BG18VWGRPJMY6
,,,,
,,,,
48,3/1/2023,5,97024,01H0B0GZTCFNJNVWS3WAZ15DA6
36,12/22/2022,3,107462,01H0B0H03FPNCQ1BPH2PBXRBG6
20,3/29/2023,4,76682,01H0B0H01XJKQPFMNZPW1NFV8Y
45,1/26/2023,4,66515,01H0B0H00MWSSXJGT64JSYK45E
11,10/26/2022,4,66803,01H0B0H056C7EASCN55XHHDP06
27,9/14/2022,4,72991,01H0B0GZS22TFCZP4QSW95ZMDR
38,2/14/2023,4,89729,01H0B0H01V090QA6HWHBKG14C0
21,2/18/2023,3,66515,01H0B0H066WJ6J4YE5NXV8YNT4
36,6/4/2022,4,61974,01H0B0H079VT5KG5DMEZDC45BX
1,10/3/2022,1,76682,01H0B0H02ZT0FQ4GNE028RV9K3
16,11/1/2022,5,111515,01H0B0H05XKEWWRW904A7R5RAN
40,9/21/2022,3,76682,01H0B0H01V090QA6HWHBKG14C0
24,4/30/2023,3,70266,01H0B0H05D58RNJ4TTZE9765WV
46,8/21/2022,2,92655,01H0B0GZY7K8C5400Q63GVQCAV
50,8/22/2022,2,97024,01H0B0H07HGJMWY9BD1X96BG7R
20,9/10/2022,5,105469,01H0B0H03R7PYQNBS5J236NA57
23,4/13/2023,2,70266,01H0B0H05YJBBDG2WMCEREQPFM
44,11/8/2022,2,89729,01H0B0GZSHN0QVN295S204V7NP
16,5/27/2022,5,59143,01H0B0H08JDD4R71FGBD7XF7GQ
49,1/14/2023,3,61974,01H0B0GZTHJ3CQZKAHT6J3ZQHY
0,3/3/2023,2,61974,01H0B0GZWVGSV8Y9Q1GGKSH29H
2,6/10/2022,5,95642,01H0B0H00GHETC76VJCQRSZYNY
36,10/4/2022,5,89729,01H0B0GZYT3BWSCJJ3QV3XNH8V
50,11/3/2022,1,80813,01H0B0H06H3A6BDY6X01Y6PGMP
37,12/13/2022,5,89729,01H0B0H0142X9WT22YQ4CQFHDK
13,1/22/2023,5,56669,01H0B0GZZGBN4M81N6Q75Y08WB
27,11/1/2022,4,101124,01H0B0H064Z13ZEAX8DER4GTRX
34,10/16/2022,4,76682,01H0B0GZRYNYH0WYBKYAMK69SB
38,2/28/2023,2,107462,01H0B0GZVJM07CCMRQT06EYZZY
37,7/14/2022,3,59753,01H0B0H06Q85V9GA04S34B3F54
13,6/10/2022,1,101124,01H0B0GZRWZ4NWKGPY9Y0SBBR7
45,6/6/2022,5,66042,01H0B0H04KB3RCE4MQ4DQEFK7Y
14,11/1/2022,4,80081,01H0B0H044AAJZPC38CP518X53
20,3/7/2023,4,107462,01H0B0GZXF36V9WP1MPZXSKDDP
38,5/16/2022,4,61974,01H0B0GZSYFQAE2DYDVYFDG7VA
0,8/8/2022,1,105469,01H0B0GZXXQ2R27G8P97ZDS7G0
30,10/13/2022,2,66115,01H0B0GZZR8GRPAVMYKP80NKYJ
8,8/29/2022,4,111515,01H0B0H06YVV1344E1533FFFEF
42,3/13/2023,5,76682,01H0B0H049BJB019YJF2H6VM6B
26,8/13/2022,2,101241,01H0B0GZYVSPMCEK583HT6RX4N
25,12/13/2022,5,66115,01H0B0H010R04Y3710KHMRKFGC
10,4/25/2023,2,66515,01H0B0H003CCGQ27SVQA503BRB
42,12/14/2022,4,107462,01H0B0H05236V83VE6HHABXVQP
19,12/23/2022,3,92655,01H0B0H05ZC5RSZGZFVKJ8HCN4
31,11/12/2022,4,56669,01H0B0H07K1APDZ14MQT0FGY7X
49,3/24/2023,4,105469,01H0B0GZXQ6Z878B3BMPNN9H17
12,3/13/2023,1,69365,01H0B0GZTDYSX81HYJXWWNSE3G
0,1/9/2023,5,95642,01H0B0GZZVADPKBKY7PTMA0X35
11,5/23/2022,4,59753,01H0B0GZXQ6Z878B3BMPNN9H17
14,6/22/2022,3,72991,01H0B0H07D2J75H5QP9CDD8DE5
16,8/9/2022,2,99184,01H0B0H04YHCZM8MKSDNWF5Q56
24,11/19/2022,1,72991,01H0B0H04KB3RCE4MQ4DQEFK7Y
8,6/10/2022,1,61974,01H0B0GZV11X18QRZM8KEKZKPK
15,5/12/2023,4,99184,01H0B0H07K1APDZ14MQT0FGY7X
46,9/11/2022,5,66042,01H0B0GZYT3BWSCJJ3QV3XNH8V
8,1/17/2023,2,56669,01H0B0H015CCE1301EZ7RZ90B2
0,3/7/2023,5,105469,01H0B0H02WHP84TZ4TXAWMFRFN
4,1/16/2023,1,70266,01H0B0H07ZN2CEAQST4RH27481
31,6/22/2022,4,80813,01H0B0GZS0V5H33V9EJCDJEQF1
23,9/8/2022,1,76682,01H0B0H005GCNY1VZA1220WH5B
47,9/3/2022,5,66115,01H0B0H04BQWZM2M56JV1ZQVWC
1,12/10/2022,5,101124,01H0B0H05RS7W2Y7DGDXTKCQRK
5,6/20/2022,2,80813,01H0B0H04RTS0A4QTJF3YH2S9F
21,4/20/2023,1,61974,01H0B0GZZ2KFF07EGK97AW8VPM
35,8/29/2022,1,59143,01H0B0H04JVTDXRXPYV120WHVE
2,2/24/2023,2,66803,01H0B0GZTYDQE1XMG53H8W4KT4
49,10/6/2022,4,76682,01H0B0H08GV4VQZCPF99M09A7N
26,7/26/2022,3,61974,01H0B0H03PY9PPKAN6ANG8KF8V
13,4/3/2023,5,87849,01H0B0H03VSK366F41C76QH1X2
37,12/6/2022,4,76682,01H0B0GZYXZSSW0H4CFBQ6BGKJ
,,,,
40,11/24/2022,1,66042,01H0B0H073M4YGE2B8P3EWP8HJ
7,3/24/2023,3,59753,01H0B0H05AJRXCZAMRY7VWDV3F
29,5/27/2022,5,59753,01H0B0GZZKBH9YEM3HXS9G9ZYE
39,12/5/2022,2,105469,01H0B0H03X246VTH3TP7C27QF7
29,8/17/2022,1,70266,01H0B0GZR63NSR8033HVGC4KW7
35,7/22/2022,2,66115,01H0B0H00F1ZNQFA047ECNBYZX
8,2/24/2023,5,102254,01H0B0GZS7REQAWDTWWSZ92NTS
0,6/9/2022,5,102254,01H0B0GZZS4175EAWE430BCQ4H
7,5/2/2023,5,66115,01H0B0GZVQXB3TAQ2VJ4FS99VD
0,3/12/2023,1,70266,01H0B0H00YMFP57KXDP3W6VWTQ
15,10/17/2022,4,95642,01H0B0H05M4E4P3220MYM79V7J
49,9/27/2022,3,107462,01H0B0H08CP82Y085BKQPFG9P7
19,1/26/2023,1,70266,01H0B0GZTRBQ78N35WG56A5XPZ
42,3/30/2023,5,80813,01H0B0GZX6YK9AEV7P5GNQK813
50,8/19/2022,4,92655,01H0B0H04FJPH9WN1JN3AEP3VJ
28,9/27/2022,1,111515,01H0B0GZTXR29521QMKW7B1VQE
49,2/21/2023,4,66803,01H0B0GZW0ARWSK8N1YJ9NS300
7,11/11/2022,4,66042,01H0B0H01BG11GNF72FKNY6ZZW
18,7/31/2022,4,99184,01H0B0H01YDMAS7XBC6K7A0QTS
5,5/27/2022,3,89729,01H0B0GZXTJQECN7W1QPRRKH1K
22,2/18/2023,2,56669,01H0B0H06D6P7X3ZAEEFRW05P4
44,8/24/2022,3,105469,01H0B0H01H7YRM7P5NHY9ZABGF
44,10/6/2022,4,56669,01H0B0GZS4DWSZD4TSNBS9CE8B
2,7/29/2022,3,59753,01H0B0GZTTNGDAMN0JF80NE37G
27,5/22/2022,2,101717,01H0B0GZY4NHZPJA3RWW1FGSXQ
22,7/20/2022,5,59143,01H0B0H00PM1B836THB1NTTY7V
50,7/29/2022,5,56669,01H0B0H00X3MN83KXKTFPZWR5H
34,4/26/2023,3,66042,01H0B0GZR93ZM2R4Z2BC6G6H3F
0,7/9/2022,5,111515,01H0B0GZRVC5HAPNC1PP8XJ9DG
42,7/23/2022,5,92655,01H0B0GZXBX8KZJRDDK6SA8P6R
39,7/1/2022,4,97024,01H0B0H04BQWZM2M56JV1ZQVWC
32,8/8/2022,5,59753,01H0B0H01WB11VG3THXPWFMBZG
13,2/4/2023,5,111515,01H0B0H05AJRXCZAMRY7VWDV3F
31,8/18/2022,4,111515,01H0B0GZX6YK9AEV7P5GNQK813
19,9/6/2022,2,80081,01H0B0GZXRPF22C0QA5BRH1YQK
30,12/7/2022,4,101241,01H0B0GZYDT76YHBBET4JCDD83
40,8/6/2022,2,92655,01H0B0GZXDJFP80RDK14JY2T6X
7,10/9/2022,2,101717,01H0B0GZRYNYH0WYBKYAMK69SB
37,12/5/2022,1,87849,01H0B0GZXV0573W4BYQ1VSNPKS
29,11/12/2022,1,97024,01H0B0H08HM80NQKJA8K54DZ4N
15,8/18/2022,5,66115,01H0B0GZQGHE8ZNWPJ7HM5N7B3
2,1/18/2023,5,59143,01H0B0H00NA3NVHBX5JKTE9A3T
3,6/14/2022,3,97024,01H0B0H0485VND7D3282HGQC4S
25,11/8/2022,3,80081,01H0B0GZX2B0ZTDZP5D133RHDM
7,4/28/2023,3,107462,01H0B0GZWV2B390Q3KTM03TX84
13,2/21/2023,3,101241,01H0B0GZVFEWWBZE2D7XG9BFJ4
0,11/11/2022,1,97024,01H0B0H05NZHGXFR77E5A1ND9E
10,10/26/2022,3,69365,01H0B0GZXV0573W4BYQ1VSNPKS
1,5/24/2022,4,102254,01H0B0GZWJDE1GXPAEJR9JQTSY
8,1/17/2023,5,92655,01H0B0GZW3YY3YRTZG9STZAC5G
9,9/21/2022,2,111515,01H0B0H062Q4E5A2KBZBN1WVFP
47,7/21/2022,5,87849,01H0B0H03H62RQM1EAQV1SGEST
27,2/6/2023,4,80813,01H0B0GZV7F0RTHD6EPHE593XN
10,12/11/2022,5,72991,01H0B0H04KB3RCE4MQ4DQEFK7Y
2,1/26/2023,2,70266,01H0B0GZTXR29521QMKW7B1VQE
30,12/17/2022,5,111515,01H0B0GZYDB8F20QC00ANK27DR
4,12/15/2022,3,101241,01H0B0GZSJEQMZ8BJ0Z98FAFRA
26,10/4/2022,2,66803,01H0B0H0800624AJZE81Y09KB9
39,10/5/2022,1,105469,01H0B0GZZ35171EMV9X1CD26T1
15,1/21/2023,1,101124,01H0B0GZZPQ8MC2GRK8XZWZHNF
31,7/5/2022,4,99184,01H0B0GZZWEJKMXM32H16QA9AZ
17,7/7/2022,5,59143,01H0B0H07J94EAX98E6HZ9ATJV
31,4/6/2023,4,69365,01H0B0GZXBGWHTN05DJ7AGTN82
46,10/22/2022,3,101717,01H0B0H05R9E5V492TE769HEBW
39,11/10/2022,3,80081,01H0B0H07EPHRPWARQ68A6CY96
43,12/27/2022,1,56669,01H0B0H05YV8A1A6Q1VRDRWZHS
20,8/3/2022,3,59143,01H0B0H04VPBTT5TY7PG0ECD82
0,5/21/2022,4,97024,01H0B0GZVQXB3TAQ2VJ4FS99VD
16,10/9/2022,4,66115,01H0B0H05GS3F0GFAK1QNR4M0P
1,7/1/2022,5,101124,01H0B0GZSS0XTXHSG0EDHN1YYW
34,2/17/2023,1,99184,01H0B0H0779D9DMRT4KAY79JEK
29,1/30/2023,1,59753,01H0B0H03ZE34FHW1E1XY6ZY4M
3,2/19/2023,4,95642,01H0B0H006Q96YTG1ZMKZVJE37
32,6/28/2022,3,97024,01H0B0GZWWXAD55NCXZE2N12FT
21,10/30/2022,1,72991,01H0B0GZVT9XZ6RG0DKZHXJMVA
0,12/3/2022,5,80081,01H0B0H03NTKMPVA6BG58WZ7X7
46,8/29/2022,3,102254,01H0B0H00AFSQX96F9Q4B9CEFF
18,9/25/2022,5,89729,01H0B0H080CT7TZCGZ3BDZF2EC
31,6/6/2022,4,61974,01H0B0GZY0G458VC85HPAETNZ8
45,11/26/2022,2,92655,01H0B0GZYVG201PZBM88NPBJZS
29,4/21/2023,2,76682,01H0B0GZYNZ1CHFC0VX4N27Z6A
49,12/23/2022,5,66042,01H0B0GZZSZ7XFM9BM5507Q9RH
2,5/22/2022,5,76682,01H0B0GZV5C70SMHV2S20H27ZP
50,6/15/2022,4,69365,01H0B0H08GV4VQZCPF99M09A7N
34,1/1/2023,4,80081,01H0B0GZZKBH9YEM3HXS9G9ZYE
36,5/16/2022,5,56669,01H0B0GZTCFNJNVWS3WAZ15DA6
11,9/17/2022,5,105469,01H0B0GZSP67JXDGEH0SQKCYJA
19,10/27/2022,3,89729,01H0B0GZZGBN4M81N6Q75Y08WB
49,1/2/2023,5,89729,01H0B0H03Q3JT49Z4THQNVS779
23,5/9/2023,5,76682,01H0B0GZXRSBD3SX5870690Z0H
13,9/20/2022,1,105469,01H0B0H033FSS27M00JYESJ9YD
0,5/4/2023,2,105469,01H0B0GZW82KQYWH9E9B73QVQJ
19,11/19/2022,2,66042,01H0B0GZT45VA42YQX87CGEQ47
7,2/5/2023,4,80081,01H0B0H086M9Y0EKAMAEAHB6F5
32,7/12/2022,1,70266,01H0B0GZZ6PTQH8EG32VFMT3V5
48,9/15/2022,2,89729,01H0B0H05V88XKRYXD33TXF98A
18,6/19/2022,1,101124,01H0B0H07A7APSV1DHNK6EEYBN
37,7/25/2022,5,111515,01H0B0H08468NBK90BEWM1NCMR
13,5/7/2023,3,102254,01H0B0GZWN4Q4XAX7ZHYA5P90H
46,9/6/2022,3,66115,01H0B0H035X9XG27E06ZYNJNHW
48,4/15/2023,5,80813,01H0B0GZXBX8KZJRDDK6SA8P6R
31,10/20/2022,2,66515,01H0B0H030P7KBTF44W4BT3END
27,3/13/2023,3,95642,01H0B0GZS4DWSZD4TSNBS9CE8B
14,5/24/2022,3,59143,01H0B0GZWK9QND00SS9C6Z5XVF
11,6/7/2022,1,70266,01H0B0GZSTMK09HRXCS9FKX7NZ
8,3/17/2023,5,89729,01H0B0GZZK95FVMKZWFB48YXKH
18,5/29/2022,4,56669,01H0B0H066Y9QCW5V46ZPQM8M8
42,5/18/2022,1,66115,01H0B0H069F0V0Z4APC7T62N7W
21,3/27/2023,3,59753,01H0B0GZV2EKAAYBZZW75XEYTQ
42,11/12/2022,4,66115,01H0B0H08GC2VABPPHC2DCEVTZ
18,3/2/2023,3,107462,01H0B0GZYXZSSW0H4CFBQ6BGKJ
46,6/30/2022,1,99184,01H0B0H07M7ZR6K0VZBAB2FA8M
48,1/29/2023,2,101717,01H0B0GZYHK3XHGJMJ9MH3QFPY
4,5/7/2023,2,92655,01H0B0GZV0798XDP5S6Z6M11CZ
9,1/28/2023,1,72991,01H0B0GZRT6FN4K0X63CTAPG7R
0,12/22/2022,1,80813,01H0B0H02SW42RPKTSN20R7TC6
41,5/16/2022,5,59143,01H0B0H0188PTD0022HWHF2W6K
11,9/27/2022,2,69365,01H0B0GZZYK029W4DZ6EZFQBFM
14,8/8/2022,2,111515,01H0B0H05FJG46DS96EGTE7H91
1,10/27/2022,5,107462,01H0B0H01PBHAYYJKM653SM8NY
49,6/18/2022,2,76682,01H0B0GZT1VZFV75NP9J25YYPP
23,5/11/2023,4,59143,01H0B0H06W9DTEQR1Z68G2EYC3
33,9/18/2022,4,66515,01H0B0H05YJBBDG2WMCEREQPFM
42,5/15/2022,3,80081,01H0B0GZQVFK7YN0T52C6M4B0S
18,11/14/2022,5,80081,01H0B0H01RXRZYP9STNKVCPY0Y
3,9/7/2022,2,66515,01H0B0GZV1CE9H8V105R2MTSJP
43,4/18/2023,4,97024,01H0B0GZZM5TZ85BXA3FV4G53D
10,3/4/2023,2,66515,01H0B0GZVYW667VR9RJT65593E
4,6/5/2022,1,80813,01H0B0GZQHMMB3718NR22NNB9M
49,6/28/2022,2,72991,01H0B0GZR0D33FSC9ZSD3SM85K
6,9/28/2022,1,66115,01H0B0H0506TA5GM9RK0TMJT6F
27,4/16/2023,4,105469,01H0B0GZS9KT3P4ENDY7REJ6KK
21,6/1/2022,2,101241,01H0B0GZTKC1F529SG1GS29S2M
11,8/13/2022,2,76682,01H0B0GZR1FRHHVRHYBTMD43ZE
39,2/11/2023,4,72991,01H0B0H076FXTK2H5TPFAM6WWM
8,9/20/2022,3,59143,01H0B0GZZAFGBSHP5JTSSYWF9G
28,9/7/2022,2,89729,01H0B0GZZ8JE3D75QRMCVRYAAX
10,7/29/2022,5,80813,01H0B0H03YS7DYKYMHCBXK5QHY
11,10/10/2022,3,89729,01H0B0H07A7APSV1DHNK6EEYBN
17,6/13/2022,2,72991,01H0B0GZT4ZX1DJWG7762SN76D
11,8/8/2022,2,107462,01H0B0H08H4R3EQ8CKHJNS0JXR
49,8/6/2022,4,66115,01H0B0H05N527JTHQ56VEH641E
0,1/22/2023,2,80081,01H0B0H039B6FWW2R06CZA38AJ
27,8/12/2022,5,72991,01H0B0H04KB3RCE4MQ4DQEFK7Y
12,4/15/2023,4,111515,01H0B0H03VSK366F41C76QH1X2
37,10/3/2022,2,102254,01H0B0H069F0V0Z4APC7T62N7W
14,5/12/2023,5,101124,01H0B0GZRZD5TFPY71D9B3PF29
31,4/23/2023,2,89729,01H0B0GZSZ280K4CHTC2SV41YZ
46,8/5/2022,2,95642,01H0B0H0750DPFH7VFAQ81BP47
25,6/6/2022,1,102254,01H0B0H056C7EASCN55XHHDP06
32,7/4/2022,3,97024,01H0B0GZTGYTWRZYBSZX0WYVGK
42,7/20/2022,5,92655,01H0B0GZXC6252H5BZNKYW3PTZ
4,9/15/2022,4,92655,01H0B0GZW06S8XE92GCNTYJ71Q
20,6/2/2022,1,59143,01H0B0H003CCGQ27SVQA503BRB
44,8/17/2022,1,66115,01H0B0H00PM1B836THB1NTTY7V
37,8/3/2022,5,107462,01H0B0GZYHK3XHGJMJ9MH3QFPY
0,9/25/2022,4,59143,01H0B0GZXQ6Z878B3BMPNN9H17
20,11/25/2022,1,61974,01H0B0H00GHETC76VJCQRSZYNY
37,12/16/2022,2,70266,01H0B0GZY1D8B8X7A552Z73AKM
8,5/17/2022,4,101241,01H0B0H049BJB019YJF2H6VM6B
47,1/25/2023,4,105469,01H0B0GZZM5TZ85BXA3FV4G53D
37,5/30/2022,4,101717,01H0B0H00TY7ZX952J9E7DCK6B
9,1/12/2023,1,69365,01H0B0H00V47W66QSFS48JZAVX
6,9/6/2022,1,107462,01H0B0GZXZRYYMJ94Z18ZX4WVT
6,10/1/2022,3,105469,01H0B0H00X3MN83KXKTFPZWR5H
20,1/16/2023,2,59143,01H0B0GZRRAH8AFQ3EB103XM8C
0,1/22/2023,3,80813,01H0B0H087C173FC4AVBDSFEP2
0,8/11/2022,4,66803,01H0B0H067MCM1YW4C2TJ4XA06
0,5/1/2023,3,97024,01H0B0GZSJ90EHFTAD2EFJ9ZEF
0,10/10/2022,3,56669,01H0B0GZTWDQ9SNM1DJVGR46R9
0,4/13/2023,3,61974,01H0B0H03220RPDQK5DRWJSN99
17,10/27/2022,2,59143,01H0B0H06R04Z6333QC17R4ECY
14,2/3/2023,5,97024,01H0B0H08CNR768YRG33J4E02M
13,1/29/2023,3,76682,01H0B0GZWWTGM51WSS48MCC02T
44,7/21/2022,4,66115,01H0B0GZZJR7FZSPB0C4MPD5AS
39,9/25/2022,3,72991,01H0B0GZS8KEYG92MWKVE78X21
3,4/16/2023,5,69365,01H0B0H05YJBBDG2WMCEREQPFM
50,1/24/2023,3,61974,01H0B0H044AAJZPC38CP518X53
28,5/19/2022,1,70266,01H0B0GZVW8DYHSJGK6H3VANCA
21,1/14/2023,1,66515,01H0B0H03K4VZC85VFJ3YR1YM8
12,2/28/2023,5,80081,01H0B0H0646EG33EXQRW4S2XV6
29,4/22/2023,3,80081,01H0B0GZQJTM4FQJPTP7RCG7V8
19,12/30/2022,2,87849,01H0B0GZZM5TZ85BXA3FV4G53D
6,7/12/2022,1,101124,01H0B0H043VSP3CW3SYPGYDJ1X
0,7/7/2022,3,66803,01H0B0GZRZD5TFPY71D9B3PF29
0,3/30/2023,5,66115,01H0B0GZRAFKG833A5K2ASAXG7
0,11/7/2022,3,102254,01H0B0GZQF6HN28AQGPXNK2EY6
0,10/21/2022,3,61974,01H0B0GZTV5W5ZVAH8BZJM2Y2C
0,6/15/2022,2,89729,01H0B0H03Q3JT49Z4THQNVS779
36,10/15/2022,5,101124,01H0B0H083M7AZWH9F8QJSNNQG
45,6/11/2022,2,101241,01H0B0H04DFHWYMY8PX24HMMXJ
50,6/25/2022,4,66515,01H0B0H067MYCX32ZAJN8HAHH9
22,4/26/2023,3,76682,01H0B0GZX7K3C2ZJGYB6QARRKG
28,12/5/2022,2,80081,01H0B0H06VWRPHPV6ZPFS1Z62S
12,4/27/2023,5,101124,01H0B0GZTGW6K14D82QEHTAE41
1,1/14/2023,5,97024,01H0B0H07S6ASANHRYQWTR3GPC
4,9/22/2022,5,111515,01H0B0GZRRAH8AFQ3EB103XM8C
0,1/20/2023,1,99184,01H0B0H07E62Y6Y9QX4VWXC4YC
10,10/24/2022,3,107462,01H0B0H05YV8A1A6Q1VRDRWZHS
44,5/26/2022,3,87849,01H0B0GZT87RZP5DW64KBP5BAS
29,12/3/2022,1,66515,01H0B0H0886V7SNTHERECF7NWR
46,4/11/2023,1,80813,01H0B0H06AAVTEWBDJ427Q9FY7
24,2/7/2023,4,101717,01H0B0GZQW6SFJBHFYNQYA368T
39,5/9/2023,1,89729,01H0B0H04ZD4PZ9DCB2C29T4G1
5,11/6/2022,5,56669,01H0B0H05XKEWWRW904A7R5RAN
40,5/4/2023,2,61974,01H0B0GZSHN0QVN295S204V7NP
38,11/17/2022,5,102254,01H0B0H02TG959JCQ7BE1HVHZX
29,1/24/2023,5,87849,01H0B0GZXXQ2R27G8P97ZDS7G0
39,1/30/2023,2,66115,01H0B0H069F0V0Z4APC7T62N7W
0,3/27/2023,4,111515,01H0B0H02YQAGNWSMZ178397CB
0,3/10/2023,1,101241,01H0B0GZRSATNT7A0KBTA9T2QD
0,8/18/2022,2,66042,01H0B0GZSAPH5GVPB2JD6MXHN8
7,8/24/2022,1,97024,01H0B0GZZ3NCY3KTWDG4ERK3E9
40,7/21/2022,5,101124,01H0B0H01MSHF5ZVEPJAAPETC1
0,12/23/2022,2,95642,01H0B0H017EY1MR4AZ315F0RST
37,3/10/2023,5,72991,01H0B0GZS7ECSAP5K2M3DY7WJJ
16,7/5/2022,4,66803,01H0B0H04329PY0MTM5MFYBGEC
45,2/16/2023,3,107462,01H0B0GZVMM8JB14GXG8D30XRG
50,7/18/2022,2,102254,01H0B0H011EV3NZCDYS304JERE
28,8/25/2022,3,59143,01H0B0GZTMN4GDCGZGNBA7TTSR
38,5/1/2023,1,89729,01H0B0GZYXZSSW0H4CFBQ6BGKJ
16,1/4/2023,3,107462,01H0B0H05N527JTHQ56VEH641E
11,1/2/2023,1,80813,01H0B0GZY5SKFCXB2647557XBP
17,11/27/2022,3,99184,01H0B0GZWR938BRATRGAC246QD
41,5/3/2023,2,61974,01H0B0H063NAD72X2FXBZWTNSF
34,8/10/2022,1,59753,01H0B0H04YHCZM8MKSDNWF5Q56
43,6/23/2022,3,101717,01H0B0H00DH432KJFR06DS6C7Z
39,7/9/2022,3,95642,01H0B0H00NA3NVHBX5JKTE9A3T
3,4/8/2023,5,66803,01H0B0GZXJMFHA3JMCMH6K03FX
42,1/21/2023,2,66515,01H0B0GZXFBN1RW2ET1BRX4AAW
15,9/3/2022,4,66115,01H0B0H04S46XAHD3PZZWT0WZS
0,6/2/2022,5,105469,01H0B0H01RQW1XMDTZA2PGGTM3
0,7/23/2022,4,61974,01H0B0H04329PY0MTM5MFYBGEC
0,12/20/2022,1,101124,01H0B0GZRSATNT7A0KBTA9T2QD
0,3/12/2023,5,70266,01H0B0H03CXQTZ51G2S3RG2KCQ
28,8/18/2022,4,95642,01H0B0GZYYQ2RZ0G3K2DGXM6EN
24,9/27/2022,1,69365,01H0B0H0030HDF4T0JCC8Y9V8W
37,4/15/2023,2,101717,01H0B0GZY8WKHZK44NG7PW5WS5
16,2/25/2023,1,66115,01H0B0H086RSVEJSE04EBNGTEJ
5,4/28/2023,4,101124,01H0B0H0426K6Y7B91E8B675H0
36,9/8/2022,1,107462,01H0B0GZQV29M2K5420R6GY5DQ
46,5/27/2022,1,101717,01H0B0GZW92JF3K6GXM6YNE8HS
35,9/16/2022,4,97024,01H0B0H053T27C42YWZ08JNWJF
23,4/30/2023,4,70266,01H0B0H03F877EJQ0QKGD6KJYA
14,8/29/2022,2,107462,01H0B0H06PYFKWJWGPJTZRD5Y9
14,10/13/2022,1,61974,01H0B0GZYM5KXXENCED0MMNTHT
24,4/17/2023,2,70266,01H0B0H05X5EFCDN1DNP3PACWK
12,9/21/2022,2,101717,01H0B0H070TCHVDABF8Q30558R
0,5/3/2023,5,69365,01H0B0H0770FX3SRYG6DNTKAQX
0,1/14/2023,5,66042,01H0B0H003CCGQ27SVQA503BRB
0,11/3/2022,2,66515,01H0B0GZWN4Q4XAX7ZHYA5P90H
0,9/17/2022,3,72991,01H0B0H04KB3RCE4MQ4DQEFK7Y
0,6/4/2022,3,70266,01H0B0GZRAFKG833A5K2ASAXG7
0,10/9/2022,3,105469,01H0B0GZTJK6ZJANHSWXMXSCZT
0,4/24/2023,3,76682,01H0B0H07T1SC0N7JXQJPTAC9R
12,10/30/2022,5,101241,01H0B0GZSZV2NAEVGNYZ6W1YEW
0,7/24/2022,2,99184,01H0B0GZT53Y2ZW099ZQN0XBK3
16,10/14/2022,4,59753,01H0B0H057A4A5S3F9NGKQKXZN
20,10/24/2022,3,95642,01H0B0H04VPBTT5TY7PG0ECD82
3,11/2/2022,2,59753,01H0B0GZWCE62SDYQJDGJH3BFV
47,8/4/2022,1,66803,01H0B0H08MVAHM348T2NK6HXBS
27,7/31/2022,2,70266,01H0B0GZWN4Q4XAX7ZHYA5P90H
3,6/1/2022,1,66515,01H0B0H07TC7CQEPPC5RS4YQST
25,2/22/2023,1,66515,01H0B0H04FSMFEWX6XA22G6JEA
34,3/15/2023,5,101124,01H0B0H083C3TZWJBMXX3MX1HV
41,6/4/2022,2,80081,01H0B0GZSHN0QVN295S204V7NP
18,3/14/2023,4,72991,01H0B0GZXXQ2R27G8P97ZDS7G0
30,8/19/2022,3,66803,01H0B0H06SR2PFNHE7F3KM596T
47,11/9/2022,1,66115,01H0B0H06NPNZ7RTK781NE3Y7N
43,4/30/2023,5,101241,01H0B0GZX0WY5CB4SNGJCNG98N
44,9/17/2022,2,101241,01H0B0GZXEPQXABYYHM11GBQ07
37,9/9/2022,1,102254,01H0B0H06PYFKWJWGPJTZRD5Y9
0,9/9/2022,3,66042,01H0B0GZTTV4DZSD0YK7AMGDGB
0,8/19/2022,5,97024,01H0B0GZRAR8JXEJV0NJZCBJ2X
0,6/9/2022,2,97024,01H0B0H073M4YGE2B8P3EWP8HJ
0,11/9/2022,1,66803,01H0B0GZRK26HTEP33E6WZV326
0,10/16/2022,1,66115,01H0B0GZZYK029W4DZ6EZFQBFM
36,2/24/2023,3,97024,01H0B0H03R7PYQNBS5J236NA57
22,1/31/2023,2,101717,01H0B0H056XR1MZRR1DVDRCBHG
5,10/20/2022,4,70266,01H0B0H05BK39JPR9QNVDJWYPS
29,2/1/2023,5,101717,01H0B0H05Q1MB8DYT13V00P809
7,4/2/2023,2,87849,01H0B0GZZQK35PHT6FKXVS73VD
40,10/21/2022,2,70266,01H0B0H07QVK4CX44BED5QXS8W
15,2/23/2023,2,66115,01H0B0H06F9PEQSEATB01CWWET
17,9/6/2022,2,89729,01H0B0GZY4NHZPJA3RWW1FGSXQ
15,4/3/2023,3,72991,01H0B0H01N1K2H3HPMQDRPFSFP
22,1/23/2023,4,72991,01H0B0GZZAB424JZ1422B1HCXR
25,3/5/2023,4,76682,01H0B0H03ZQXWZ2SNSRHTPFSVS
9,2/11/2023,1,105469,01H0B0H00W5R3AWY0E2V7N50BV
35,10/21/2022,1,111515,01H0B0GZSS0XTXHSG0EDHN1YYW
40,6/19/2022,1,66115,01H0B0GZWSHNEHERY7074VPZN4
34,7/7/2022,5,76682,01H0B0H07D2J75H5QP9CDD8DE5
26,10/30/2022,3,66803,01H0B0H07RZDVJ4CDNJDD2YXD6
29,10/5/2022,5,95642,01H0B0H0879JQSVAD2WAAW6GBR
15,10/23/2022,1,69365,01H0B0H04SRSYF3Q0FHW9J9G1Y
0,1/24/2023,4,59753,01H0B0GZWK9QND00SS9C6Z5XVF
0,3/26/2023,5,56669,01H0B0H00X3MN83KXKTFPZWR5H
0,1/17/2023,5,70266,01H0B0GZWCE62SDYQJDGJH3BFV
37,1/9/2023,2,66803,01H0B0H02SXKEBSJMD5KKDKG83
43,6/12/2022,4,66803,01H0B0GZZ10AWYEAHQRG5RG4XY
44,8/2/2022,3,101717,01H0B0GZQGHE8ZNWPJ7HM5N7B3
24,7/4/2022,2,80813,01H0B0H05V88XKRYXD33TXF98A
25,6/8/2022,1,105469,01H0B0GZS5V2NMV3ZY0F2ZY5TN
12,9/22/2022,5,80081,01H0B0H04S46XAHD3PZZWT0WZS
8,1/6/2023,3,105469,01H0B0H00S9QT86XEY87AB7XK5
37,1/9/2023,3,101124,01H0B0H06GE6MSJKGTAT0F614Y
24,9/14/2022,3,95642,01H0B0GZZZ9NWDAA0TSHJBC929
25,7/24/2022,2,105469,01H0B0H05YJBBDG2WMCEREQPFM
18,12/9/2022,1,101124,01H0B0H04YHCZM8MKSDNWF5Q56
24,1/24/2023,4,92655,01H0B0H04QMBW93CEMC5QS9Y59
16,1/5/2023,3,66042,01H0B0GZYM5KXXENCED0MMNTHT
49,8/27/2022,4,69365,01H0B0H05D58RNJ4TTZE9765WV
13,10/14/2022,4,66042,01H0B0GZYACBH6ACE0KVH9K4J6
12,2/19/2023,1,95642,01H0B0H05RS7W2Y7DGDXTKCQRK
12,10/26/2022,3,72991,01H0B0GZWA2C1ESDWTYM93QHBH
0,2/16/2023,4,69365,01H0B0GZT9T61Z50A3A1JF50AZ
0,3/17/2023,5,61974,01H0B0GZTZNZ5J0FV6291A8JZC
0,8/30/2022,4,102254,01H0B0GZXFBN1RW2ET1BRX4AAW
0,6/23/2022,2,99184,01H0B0H01R2391B81MV66W4988
0,6/18/2022,2,92655,01H0B0H06ZVA3G7XENMCMY24RK
0,10/12/2022,1,66115,01H0B0H07F0DSS1CY2NXBYCQBA
25,1/3/2023,5,105469,01H0B0H04HBRT2TKB4ADRXVY92
3,11/17/2022,1,105469,01H0B0GZZAB424JZ1422B1HCXR
12,6/2/2022,2,66115,01H0B0GZYF35QPTPTG3FT3415Q
31,3/3/2023,1,76682,01H0B0H05VZK4E78PC3TNCTFQS
45,4/16/2023,2,87849,01H0B0H057B688M51EY1J2FCR3
25,9/17/2022,2,66803,01H0B0H086RSVEJSE04EBNGTEJ
50,5/14/2022,1,105469,01H0B0GZWK9QND00SS9C6Z5XVF
14,11/14/2022,3,66115,01H0B0H08BV6VCM0NZTEZCTFTF
3,4/29/2023,2,80081,01H0B0H00ZABAJ0GASS8D4AGVR
4,10/1/2022,4,92655,01H0B0GZZ9PCPT8XD0G824V4HQ
50,12/10/2022,5,99184,01H0B0GZZ3NCY3KTWDG4ERK3E9
8,7/12/2022,1,87849,01H0B0GZXW8SVN4E9Y211WMZ05
6,11/2/2022,1,102254,01H0B0H067MYCX32ZAJN8HAHH9
0,5/19/2022,4,111515,01H0B0H03VSK366F41C76QH1X2
,,,,
,,,,
,,,,
,,,,
,,,,
,,,,
0,9/4/2022,3,59143,01H0B0H0713ZPZ27SB8D9VMQH5
0,1/16/2023,5,107462,01H0B0GZSAPH5GVPB2JD6MXHN8
0,3/19/2023,2,80813,01H0B0GZTMN4GDCGZGNBA7TTSR
0,2/3/2023,2,99184,01H0B0H069F0V0Z4APC7T62N7W
3,4/1/2023,1,66803,01H0B0GZVDMF9K8PT1V229SWJ0
25,6/3/2022,4,80813,01H0B0H02Y35AYSGSXVSHZ4KRX
36,1/9/2023,3,70266,01H0B0GZSFR9WMJ7Q66T85T7D4
48,7/6/2022,2,107462,01H0B0GZVQXB3TAQ2VJ4FS99VD
35,12/25/2022,1,61974,01H0B0H00W22FTHR3QBEGD3222
34,11/22/2022,2,111515,01H0B0H059S39Y12CP1JD4Y3YW
47,11/7/2022,3,87849,01H0B0GZRWXCK6G9ZSJ6JNNQES
35,9/10/2022,5,56669,01H0B0H063Z0P1KC0VJAR665Z5
25,3/17/2023,2,72991,01H0B0H04KB3RCE4MQ4DQEFK7Y
23,4/13/2023,2,69365,01H0B0GZTZNZ5J0FV6291A8JZC
50,11/12/2022,2,66115,01H0B0GZQJTM4FQJPTP7RCG7V8
4,12/7/2022,3,80081,01H0B0GZWWXAD55NCXZE2N12FT
39,8/10/2022,4,69365,01H0B0GZVPSPZQJ2K7Z3N3NB89
42,5/11/2023,3,99184,01H0B0H01XJKQPFMNZPW1NFV8Y
10,7/8/2022,5,59143,01H0B0H06SA9HK9MWZEGK8SZ0N
25,11/19/2022,3,97024,01H0B0H06DP4MFH7DJZNWY91ST
25,2/1/2023,5,101717,01H0B0GZZ3NCY3KTWDG4ERK3E9
19,12/27/2022,5,97024,01H0B0GZSTMK09HRXCS9FKX7NZ
34,8/1/2022,4,107462,01H0B0GZYYQ2RZ0G3K2DGXM6EN
0,5/23/2022,2,101717,01H0B0GZXRPF22C0QA5BRH1YQK
0,9/25/2022,4,101241,01H0B0GZX8TRH72WFKQKFB0VX7
0,5/24/2022,2,105469,01H0B0H03220RPDQK5DRWJSN99
0,1/9/2023,2,101717,01H0B0GZRBCKEK8MPY0XYFDJTE
0,3/31/2023,2,70266,01H0B0H031S6FT58CR7XMMCN5H
18,10/15/2022,1,66115,01H0B0H07HZBS3FWDQ9DGR6CTC
9,5/16/2022,1,89729,01H0B0GZT6JRCD957RHQK8N5ZP
3,3/28/2023,4,111515,01H0B0H06MDA63VN8TN20G9CW0
20,7/6/2022,5,101241,01H0B0H043VSP3CW3SYPGYDJ1X
14,8/7/2022,5,72991,01H0B0GZZ2STRMQMTK2G0CPG7W
25,5/28/2022,3,66115,01H0B0GZR1FRHHVRHYBTMD43ZE
0,3/26/2023,5,80813,01H0B0H0366Q7MWKAD6BH4QS3G
47,10/22/2022,1,66515,01H0B0GZZ82TQCJGKJTDGWA1GP
17,6/2/2022,4,59143,01H0B0H05QP7J7601DPCDT7196
34,2/26/2023,4,105469,01H0B0GZQW6SFJBHFYNQYA368T
40,2/23/2023,2,95642,01H0B0H00S44C3VK2XXJ3SJSE6
35,12/27/2022,1,92655,01H0B0H03MSAYQPW8JNA8HZM9R
36,9/7/2022,2,111515,01H0B0GZWK9QND00SS9C6Z5XVF
14,2/17/2023,3,101124,01H0B0GZZ6PTQH8EG32VFMT3V5
11,6/1/2022,5,92655,01H0B0H063NAD72X2FXBZWTNSF
43,4/12/2023,2,61974,01H0B0H015CAZ15F4NZQV63672
39,6/18/2022,1,70266,01H0B0GZS25CE3HSN3RH6XSWNW
23,9/10/2022,5,101124,01H0B0GZWWXAD55NCXZE2N12FT
48,3/10/2023,3,70266,01H0B0H083C3TZWJBMXX3MX1HV
42,1/29/2023,5,72991,01H0B0GZRG8W5T578HGJXSZD0H
23,8/6/2022,5,66115,01H0B0H08BYBZTVZ7M94GBTJ66
0,8/9/2022,2,97024,01H0B0GZWXD6P5MAAGP4YV4QAX
0,7/14/2022,4,59143,01H0B0H06D6P7X3ZAEEFRW05P4
34,12/26/2022,5,102254,01H0B0GZVPSPZQJ2K7Z3N3NB89
44,5/21/2022,3,95642,01H0B0H06SR2PFNHE7F3KM596T
1,4/26/2023,1,101241,01H0B0H07VBJ370PPKQ18T544S
39,6/24/2022,2,92655,01H0B0H06T1GHPJFKAJK1QBYSV
18,6/8/2022,4,66803,01H0B0H03A41P05112B3MQQN78
21,10/20/2022,3,56669,01H0B0H017EY1MR4AZ315F0RST
17,8/25/2022,3,99184,01H0B0GZZTN32HPHZA78GAEPQS
23,4/14/2023,1,56669,01H0B0H03W66N105P1Z8EASBF8
5,5/6/2023,4,111515,01H0B0H06ZVA3G7XENMCMY24RK
21,6/23/2022,2,80813,01H0B0H08BV6VCM0NZTEZCTFTF
21,11/18/2022,4,66803,01H0B0H08EQ4H5133H5FAJA8SR
20,8/31/2022,3,72991,01H0B0H00PM1B836THB1NTTY7V
11,3/27/2023,4,56669,01H0B0H07A7APSV1DHNK6EEYBN
45,10/5/2022,3,76682,01H0B0GZZ3NCY3KTWDG4ERK3E9
37,3/8/2023,2,59753,01H0B0H058A08AJ2KQJYWM8ERE
7,4/15/2023,1,59143,01H0B0H04KB3RCE4MQ4DQEFK7Y
29,8/11/2022,2,66115,01H0B0GZT8CT53Y46WNJ5TKEXY
5,5/27/2022,4,69365,01H0B0GZQEMGNNGMQH756152TH
23,1/28/2023,2,61974,01H0B0GZXW8SVN4E9Y211WMZ05
0,10/10/2022,2,66042,01H0B0H02YQAGNWSMZ178397CB
0,9/25/2022,5,66115,01H0B0GZY0G458VC85HPAETNZ8
0,11/16/2022,1,76682,01H0B0H066Y9QCW5V46ZPQM8M8
0,2/21/2023,3,111515,01H0B0H08D9ATEXSVG3Z11JP6H
0,1/1/2023,2,80813,01H0B0GZYY6WTQ13EZ04K1MAWR
0,11/9/2022,5,107462,01H0B0GZR4ST04P0122YQBCK8C
0,12/14/2022,5,101717,01H0B0GZZW97QNTPS00HSXA485
0,7/10/2022,1,101124,01H0B0GZZDQKST69Y6RYWAV7X6
16,12/21/2022,2,80813,01H0B0H00X3MN83KXKTFPZWR5H
7,10/9/2022,5,107462,01H0B0GZY8K67F6E8AY5Y37MEC
20,8/3/2022,2,111515,01H0B0H02SXKEBSJMD5KKDKG83
11,12/30/2022,1,66803,01H0B0H038JC889JRWPPBV3896
20,6/4/2022,2,111515,01H0B0GZWGDHSYMD4FSR3MEKPE
22,3/6/2023,4,70266,01H0B0H069RHD8AWVA8W8PPAQ6
6,6/3/2022,3,107462,01H0B0GZTNDA729EQVQJCW84WD
44,2/1/2023,4,76682,01H0B0H08BV6VCM0NZTEZCTFTF
45,4/10/2023,5,80813,01H0B0H03FPNCQ1BPH2PBXRBG6
30,3/19/2023,4,59753,01H0B0H0350YQZ0PMBGFSZ0C99
22,11/10/2022,5,80813,01H0B0GZS4S427VZS1MX5849GF
22,12/3/2022,4,101717,01H0B0GZQZR90JQ9B7AZ14SQHK
50,4/25/2023,2,56669,01H0B0H00HF039H4NG1EF5GV4G
21,6/28/2022,4,66115,01H0B0GZZ91R2PFDMRFEJYH8B8
28,6/28/2022,2,69365,01H0B0H03NTKMPVA6BG58WZ7X7
9,1/25/2023,5,56669,01H0B0GZZPCXBQ2H6WR2FKAK3S
45,6/10/2022,5,95642,01H0B0H07X3J3W8EVMG2CBD0BH
41,11/26/2022,4,102254,01H0B0GZR63NSR8033HVGC4KW7
9,10/9/2022,2,101124,01H0B0H069F0V0Z4APC7T62N7W
40,5/5/2023,4,56669,01H0B0GZZAFGBSHP5JTSSYWF9G
14,3/28/2023,4,72991,01H0B0GZYXZSSW0H4CFBQ6BGKJ
4,1/8/2023,3,56669,01H0B0GZVJ1HNB48RMWVBV2B0D
48,10/12/2022,4,80813,01H0B0H0646EG33EXQRW4S2XV6
26,5/17/2022,5,80081,01H0B0H01WABXMPZHQP3H5FQ13
29,6/5/2022,2,111515,01H0B0H03XMH9FHV1NFE9HZXT6
36,6/1/2022,3,111515,01H0B0GZSK9EGNBP9N4FED89DK
39,6/4/2022,5,66042,01H0B0H057A4A5S3F9NGKQKXZN
11,5/19/2022,2,66115,01H0B0H02TFTT59RP5KZ2BS1QB
38,7/23/2022,3,56669,01H0B0H06Y1Q4CWJYZ2R11T5AZ
44,8/13/2022,4,102254,01H0B0H05Q1MB8DYT13V00P809
17,3/30/2023,3,97024,01H0B0H08FRBSACS0WXT37GNJ0
47,12/20/2022,2,56669,01H0B0GZV2MCQV1ZHM24GC3NAJ
48,11/28/2022,2,66515,01H0B0GZZQK35PHT6FKXVS73VD
42,4/13/2023,4,102254,01H0B0H066Y9QCW5V46ZPQM8M8
44,4/2/2023,2,80813,01H0B0H00S44C3VK2XXJ3SJSE6
18,7/24/2022,4,76682,01H0B0GZRNXEMB5ZBHHR1VHM21
10,9/13/2022,5,92655,01H0B0GZW7SE7PF8JAY6H07ZFW
26,3/3/2023,5,80081,01H0B0H075H8K336MW31HP18WN
0,6/21/2022,3,102254,01H0B0H074KKF8RSGX5PGM9M3Y
0,9/26/2022,3,97024,01H0B0GZS36SFFE1AJRPY0EBQB
0,2/20/2023,4,80081,01H0B0GZXF36V9WP1MPZXSKDDP
0,12/9/2022,5,66115,01H0B0GZZDQ8FY1BE3CC6YJXB5
0,4/18/2023,2,101241,01H0B0H04KB3RCE4MQ4DQEFK7Y
0,3/10/2023,4,101124,01H0B0GZV5C70SMHV2S20H27ZP
0,9/24/2022,4,56669,01H0B0GZV4QYGFZKE926EVFBG0
48,2/19/2023,4,101717,01H0B0GZY6VTTGHZXGZMBM7X2R
23,6/22/2022,1,69365,01H0B0H01SRN3AWPJXZZNSAGX2
47,11/26/2022,2,101717,01H0B0H045B3ME5CJ92ZE7ND6Y
7,3/1/2023,3,72991,01H0B0H06B7A07RAJXZ7PDADRG
41,6/19/2022,5,97024,01H0B0GZVVKWBAWTNW3JJ4NA5F
28,11/5/2022,4,101717,01H0B0GZZ9PCPT8XD0G824V4HQ
16,7/18/2022,2,66515,01H0B0GZZVADPKBKY7PTMA0X35
6,8/22/2022,2,69365,01H0B0H06V69CNH96BEDBT0Y9Y
28,12/25/2022,4,66803,01H0B0H06P7CC27DN9A1GBPJH1
12,1/24/2023,1,89729,01H0B0GZZ0695X3C4JGYT674S0
31,5/23/2022,5,61974,01H0B0GZYHK3XHGJMJ9MH3QFPY
31,12/26/2022,2,92655,01H0B0GZR93ZM2R4Z2BC6G6H3F
33,10/11/2022,1,95642,01H0B0GZX0YTHJJSE106X7XBPF
26,2/20/2023,2,66115,01H0B0GZZ1PV4X7834Y9H8KMK4
0,8/11/2022,1,102254,01H0B0GZVSCMK42JEJFKM9NDX0
0,6/13/2022,2,111515,01H0B0GZWXD6P5MAAGP4YV4QAX
0,7/14/2022,2,101717,01H0B0H081S8FVV1ZBKQZMJE2W
0,2/24/2023,3,89729,01H0B0GZTFE0CY9E6SYYSGXGKZ
18,9/17/2022,2,59753,01H0B0H03H62RQM1EAQV1SGEST
48,2/26/2023,1,66115,01H0B0H00W22FTHR3QBEGD3222
39,11/1/2022,1,101241,01H0B0GZS0V5H33V9EJCDJEQF1
46,4/20/2023,2,59753,01H0B0H0500JWHTXAVPYEV0EJW
6,3/25/2023,2,105469,01H0B0H02ZMAYMA5FTMCNNQPS5
49,7/23/2022,2,101241,01H0B0GZR8QBQ9S6BKS7CFVAY0
26,9/19/2022,4,66803,01H0B0GZYF35QPTPTG3FT3415Q
37,7/29/2022,4,105469,01H0B0GZRFQ1FXDM6QG0XMX57F
29,3/1/2023,5,97024,01H0B0H00PM1B836THB1NTTY7V
27,8/5/2022,4,72991,01H0B0GZSPWDSB64WATPBN1SRT
12,6/3/2022,3,95642,01H0B0H07RZDVJ4CDNJDD2YXD6
6,8/12/2022,3,72991,01H0B0H081S8FVV1ZBKQZMJE2W
50,7/1/2022,5,105469,01H0B0H044AAJZPC38CP518X53
41,7/8/2022,2,59143,01H0B0GZWCVNHSBBAFWAF1711B
23,7/24/2022,3,80081,01H0B0H01J6BGN29WV4DGZZKRR
45,1/28/2023,4,89729,01H0B0GZZZ9NWDAA0TSHJBC929
47,9/9/2022,2,111515,01H0B0H06VWRPHPV6ZPFS1Z62S
31,6/12/2022,2,107462,01H0B0H06EY1PAAN2C00D1WBA2
22,5/15/2022,2,76682,01H0B0GZTMN4GDCGZGNBA7TTSR
20,1/18/2023,2,92655,01H0B0H03PY9PPKAN6ANG8KF8V
3,11/23/2022,4,89729,01H0B0H0750DPFH7VFAQ81BP47
33,5/8/2023,5,97024,01H0B0H069RHD8AWVA8W8PPAQ6
16,7/14/2022,5,66115,01H0B0H00X3MN83KXKTFPZWR5H
40,7/9/2022,1,66115,01H0B0GZZAFGBSHP5JTSSYWF9G
0,8/11/2022,2,95642,01H0B0GZRY9RHWDC7D63CW4EYS
0,6/28/2022,3,107462,01H0B0H02Y35AYSGSXVSHZ4KRX
0,7/12/2022,2,66515,01H0B0H01J6BGN29WV4DGZZKRR
0,4/17/2023,4,101717,01H0B0GZTZNZ5J0FV6291A8JZC
0,7/18/2022,4,105469,01H0B0H074KKF8RSGX5PGM9M3Y
28,7/17/2022,2,66042,01H0B0H06Q85V9GA04S34B3F54
16,9/24/2022,3,66115,01H0B0H08468NBK90BEWM1NCMR
17,7/29/2022,5,69365,01H0B0H08FE1KT9Z3ZAJ8DSDQQ
30,11/19/2022,3,87849,01H0B0H0111AT651WQM61HQH47
33,7/9/2022,5,56669,01H0B0H04KB3RCE4MQ4DQEFK7Y
37,9/17/2022,2,61974,01H0B0H065NC3VCW80NE6GG9KY
39,10/9/2022,1,95642,01H0B0GZTNDA729EQVQJCW84WD
27,8/23/2022,2,80813,01H0B0H0879JQSVAD2WAAW6GBR
35,7/5/2022,1,97024,01H0B0H04YRT09MHG4R53MF6QH
13,1/11/2023,1,80813,01H0B0H01DHHK8G0XXEXGAEJJ3
22,8/14/2022,3,101124,01H0B0H00DP3Y18SJM36SHWPNE
38,7/18/2022,3,59143,01H0B0H06WPNRQN6QW5FVJZ05Y
33,2/3/2023,2,66115,01H0B0H01BKXB1N1CP9WFFPPRR
35,1/9/2023,1,111515,01H0B0H00PM1B836THB1NTTY7V
35,7/31/2022,5,69365,01H0B0GZWSFQ7ZT4TMCNM8ZH2S
7,3/6/2023,4,99184,01H0B0H049BJB019YJF2H6VM6B
14,9/2/2022,5,66042,01H0B0H070TCHVDABF8Q30558R
50,1/2/2023,1,80081,01H0B0GZX62FB91J0MH3MXZAH0
46,5/9/2023,5,89729,01H0B0GZW2TN0GEP82K6AT44RA
10,2/13/2023,1,59143,01H0B0H00X3MN83KXKTFPZWR5H
46,5/22/2022,5,70266,01H0B0GZV435JWAE1DTMJHPY4Z
0,6/13/2022,1,59143,01H0B0GZRFS4STB1QHR4VQYZMJ
0,10/11/2022,5,89729,01H0B0GZYQRP57FY0MZJVQ5XHN
0,11/9/2022,4,69365,01H0B0GZSK9EGNBP9N4FED89DK
0,10/1/2022,3,99184,01H0B0H00CZ1THGRKX4NFY3B3B
0,3/11/2023,3,66042,01H0B0H04XNSEGPXZ4RAEEP9PC
28,8/1/2022,2,87849,01H0B0GZRJ2AA74CB7ASW6HVM2
23,5/23/2022,4,105469,01H0B0H05TQWGBY1MDPRP4RHQ4
7,4/23/2023,2,66515,01H0B0GZS4DWSZD4TSNBS9CE8B
15,1/21/2023,1,102254,01H0B0GZW1JG180Q678MTHXW5E
24,6/15/2022,3,89729,01H0B0GZZ35171EMV9X1CD26T1
7,7/9/2022,1,97024,01H0B0H01QYHDNK2R08MH2XP5A
44,2/28/2023,2,101124,01H0B0H01DHHK8G0XXEXGAEJJ3
36,3/21/2023,3,87849,01H0B0GZT1VZFV75NP9J25YYPP
29,11/23/2022,4,76682,01H0B0H086RSVEJSE04EBNGTEJ
38,12/10/2022,2,101124,01H0B0H06GQRCETTBB6DXHR6TZ
15,11/14/2022,2,111515,01H0B0GZT8CT53Y46WNJ5TKEXY
34,12/31/2022,3,107462,01H0B0GZW7SE7PF8JAY6H07ZFW
24,8/3/2022,4,102254,01H0B0GZTYDQE1XMG53H8W4KT4
20,5/13/2022,5,89729,01H0B0GZSQRRFQW9YBBQQ2PS4N
32,10/28/2022,3,80813,01H0B0GZW2TN0GEP82K6AT44RA
28,5/4/2023,3,111515,01H0B0H04329PY0MTM5MFYBGEC
41,12/1/2022,2,80813,01H0B0H07493S7FR0W2YHPJJDC
20,8/19/2022,3,107462,01H0B0H038MBSC9XD8ASW2TKDK
10,5/16/2022,4,66042,01H0B0GZYDB8F20QC00ANK27DR
22,7/5/2022,4,66115,01H0B0H00PM1B836THB1NTTY7V
15,11/27/2022,1,101717,01H0B0H06JCFF0MBWGPTQVZB2R
11,5/20/2022,4,80081,01H0B0H07T1SC0N7JXQJPTAC9R
43,7/31/2022,2,59143,01H0B0GZYY6WTQ13EZ04K1MAWR
0,12/23/2022,4,76682,01H0B0H00X3MN83KXKTFPZWR5H
0,10/14/2022,2,101717,01H0B0H01RXRZYP9STNKVCPY0Y
0,10/18/2022,5,59753,01H0B0H041KZF19EMZWD4J8PTR
0,2/8/2023,3,97024,01H0B0GZYACBH6ACE0KVH9K4J6
21,9/2/2022,5,102254,01H0B0GZYF35QPTPTG3FT3415Q
28,4/9/2023,1,99184,01H0B0H07HGJMWY9BD1X96BG7R
16,1/23/2023,3,66115,01H0B0GZZZAXJZGDKW0KZZ536R
6,12/18/2022,3,69365,01H0B0GZZN2PS3HF2NEWZ58Y6T
49,7/7/2022,2,101241,01H0B0H01ERCZ0ECPQ9W5R0Q6X
31,7/30/2022,2,56669,01H0B0H069RHD8AWVA8W8PPAQ6
38,9/21/2022,5,105469,01H0B0H0613ASH3WFEQQCS65SN
47,8/25/2022,3,69365,01H0B0H00MTWEEZ4ME1FPZ77VN
44,8/5/2022,2,101124,01H0B0H085X8TNAWMNJ813P8TS
36,12/21/2022,4,80081,01H0B0GZTD2Y30CHV9G4THZWZR
47,1/28/2023,1,95642,01H0B0H00TFDZH831KYDJWMTSX
,,,,
4,7/19/2022,5,66803,01H0B0H00PWPJYKB78ZAGXZHPV
27,9/21/2022,4,99184,01H0B0GZZYK029W4DZ6EZFQBFM
48,7/5/2022,5,66515,01H0B0H07K1APDZ14MQT0FGY7X
22,9/20/2022,2,87849,01H0B0H00T4MK8K60H7JDNZNYA
46,12/5/2022,3,105469,01H0B0GZTGW6K14D82QEHTAE41
42,1/21/2023,5,89729,01H0B0H00S9QT86XEY87AB7XK5
33,1/1/2023,2,89729,01H0B0GZXGK9G2PM1TR9PWK2ER
28,12/28/2022,3,69365,01H0B0GZT45VA42YQX87CGEQ47
0,4/25/2023,2,92655,01H0B0H02VBY3APQY6MSHY9YP0
0,10/21/2022,3,59753,01H0B0GZTSGWY32BQ8WJ0VV217
0,10/29/2022,1,89729,01H0B0H0713ZPZ27SB8D9VMQH5
0,12/9/2022,3,56669,01H0B0GZTBCSGFJP4SZKDST0SK
0,9/2/2022,5,95642,01H0B0H019VWJF5SDAZN3QAFM4
0,2/28/2023,3,107462,01H0B0GZT3SG19BW72HFN2PN6D
41,8/14/2022,2,69365,01H0B0H0466GZRHQDAXNC38YQ1
6,5/5/2023,3,72991,01H0B0GZXEPQXABYYHM11GBQ07
18,10/28/2022,4,111515,01H0B0GZQJR0AY6AD8VWE64HW3
14,5/9/2023,4,59143,01H0B0GZYRT2N7HX2NYWATM0FT
26,2/26/2023,3,69365,01H0B0GZQHMMB3718NR22NNB9M
13,2/8/2023,2,59143,01H0B0H0646EG33EXQRW4S2XV6
41,4/26/2023,1,101241,01H0B0H06XH0C9DV9TXNQ12Z4V
34,7/1/2022,2,80081,01H0B0H009SBJN8DRPHX0MTX15
21,5/31/2022,4,66042,01H0B0GZR2GDVTAGFH4EST82VT
,,,,
48,2/6/2023,2,102254,01H0B0GZZCSY3E42CFNTXT9QVA
31,4/23/2023,4,66803,01H0B0GZS0V5H33V9EJCDJEQF1
38,12/2/2022,2,59143,01H0B0H02YQAGNWSMZ178397CB
27,5/31/2022,1,56669,01H0B0H075H8K336MW31HP18WN
33,12/22/2022,1,66515,01H0B0H06GQRCETTBB6DXHR6TZ
12,9/25/2022,5,97024,01H0B0H06QEGRE1M4F95SHFBKY
12,10/23/2022,2,102254,01H0B0GZSJ90EHFTAD2EFJ9ZEF
26,12/24/2022,3,66115,01H0B0H01CAYGRQVGZSQP79HT8
16,11/8/2022,4,80081,01H0B0H06W9DTEQR1Z68G2EYC3
42,12/28/2022,5,97024,01H0B0GZXRPF22C0QA5BRH1YQK
28,12/17/2022,1,111515,01H0B0GZXNKXXGFGDNVA7S1VSK
1,1/15/2023,1,101124,01H0B0H04SRSYF3Q0FHW9J9G1Y
41,7/17/2022,2,89729,01H0B0GZXQ1RFYZG4NM98WNXMP
0,6/15/2022,5,72991,01H0B0H07NVXT8ZZKTDP92HQGY
0,8/23/2022,3,111515,01H0B0GZV5RXS2BT58C9XR3165
0,3/25/2023,3,80813,01H0B0GZSS8S3Y7Z6EWWPG8MWN
0,7/7/2022,4,70266,01H0B0GZY9CP8MGPJWWYWM7KX9
0,9/21/2022,5,76682,01H0B0H01CAYGRQVGZSQP79HT8
0,11/21/2022,5,66042,01H0B0GZZEQKJVE93GM2HWCV2Z
0,11/21/2022,1,102254,01H0B0GZYS8MZ8DBWB24YWBRSX
0,10/23/2022,5,66042,01H0B0GZYNZ1CHFC0VX4N27Z6A
0,2/16/2023,4,70266,01H0B0GZVDMF9K8PT1V229SWJ0
0,4/8/2023,5,59143,01H0B0GZYY6WTQ13EZ04K1MAWR
,,,,
44,4/28/2023,5,102254,01H0B0H03D2YM1M14XQSDQFT5A
32,4/23/2023,2,101241,01H0B0GZS8KVJ94GXFD99SA72G
7,6/17/2022,3,76682,01H0B0GZXJ9X6TNF3WDAGNFBC6
42,8/28/2022,3,92655,01H0B0H05WTRFYPR8FTDYAJGDK
2,4/6/2023,4,102254,01H0B0H06B7A07RAJXZ7PDADRG
3,7/22/2022,3,70266,01H0B0H05E46VJMBE03MR59J91
3,6/7/2022,5,111515,01H0B0GZWQZQZ0DGHJ0HP447H9
50,4/20/2023,4,66042,01H0B0H05QP7J7601DPCDT7196
32,4/12/2023,1,80081,01H0B0GZQW6SFJBHFYNQYA368T
11,4/12/2023,5,101717,01H0B0H04245N6SSVMCXSV5VJD
45,8/9/2022,2,102254,01H0B0GZYGFR957Y2YTKJ8MFAR
0,11/22/2022,3,80081,01H0B0H040ZXHTF20BBPPMWV66
0,9/1/2022,2,80081,01H0B0GZZK95FVMKZWFB48YXKH
0,7/20/2022,2,95642,01H0B0GZY5SKFCXB2647557XBP
0,8/12/2022,2,101124,01H0B0GZR2ZQH9SV70J3B13C1R
0,5/19/2022,5,72991,01H0B0GZX0WY5CB4SNGJCNG98N
0,5/18/2022,3,76682,01H0B0GZW6JP6TTD90PBJ0VWFN
0,1/6/2023,4,95642,01H0B0H04KB3RCE4MQ4DQEFK7Y
29,3/13/2023,2,92655,01H0B0H018TYT80ER69DKKKZTE
18,10/4/2022,5,59143,01H0B0H062XZR90QMX378A110Q
38,8/18/2022,2,66515,01H0B0H0426K6Y7B91E8B675H0
48,7/3/2022,1,101241,01H0B0GZY1WBKFPEM4T1W2J51Z
17,3/5/2023,2,89729,01H0B0H01R2391B81MV66W4988
,,,,
16,11/12/2022,2,97024,01H0B0H03R7PYQNBS5J236NA57
2,3/10/2023,4,66115,01H0B0H0770FX3SRYG6DNTKAQX
35,6/8/2022,3,107462,01H0B0GZSHN0QVN295S204V7NP
25,11/4/2022,5,70266,01H0B0H04FJPH9WN1JN3AEP3VJ
6,6/6/2022,1,95642,01H0B0H016G3KYPX06DJJY4M8K
12,11/24/2022,2,66803,01H0B0GZXRSBD3SX5870690Z0H
28,4/25/2023,3,111515,01H0B0GZXEPQXABYYHM11GBQ07
24,7/31/2022,3,72991,01H0B0H04HBRT2TKB4ADRXVY92
14,1/31/2023,2,105469,01H0B0GZTMN4GDCGZGNBA7TTSR
3,6/24/2022,2,56669,01H0B0GZX1VPQRD27B321MG54G
28,9/30/2022,5,107462,01H0B0H04A627JPDM9GW0EZ1D2
45,8/16/2022,5,101124,01H0B0H04WDP7E3QQS34E0R6N4
37,4/8/2023,4,92655,01H0B0H08J713EZK69CNYEKB6H
0,11/21/2022,2,102254,01H0B0H03VSK366F41C76QH1X2
0,5/18/2022,4,101241,01H0B0GZRSATNT7A0KBTA9T2QD
0,4/5/2023,1,87849,01H0B0GZRMQYJY3R0YGBHNMDHK
0,8/14/2022,5,89729,01H0B0GZR1FRHHVRHYBTMD43ZE
0,10/3/2022,5,56669,01H0B0GZZC8NAVZ1ARMCHFXH2J
0,12/10/2022,4,95642,01H0B0GZT8CT53Y46WNJ5TKEXY
0,1/30/2023,4,107462,01H0B0H06V69CNH96BEDBT0Y9Y
0,10/6/2022,4,99184,01H0B0GZQZR90JQ9B7AZ14SQHK
0,12/4/2022,4,95642,01H0B0H008M9RXDGAAJR8V78DF
23,9/1/2022,1,97024,01H0B0GZS7REQAWDTWWSZ92NTS
38,9/6/2022,5,97024,01H0B0GZZZAXJZGDKW0KZZ536R
40,11/17/2022,4,70266,01H0B0H04329PY0MTM5MFYBGEC
30,12/27/2022,1,80813,01H0B0H04TYB92MZPDN9AM10S8
42,10/2/2022,3,99184,01H0B0H03QJ1N05NEMC406T798
17,1/3/2023,5,97024,01H0B0GZZ0RW3TW84Y67PBEKB2
39,2/9/2023,4,66515,01H0B0H01JXK6Q8X170A65TV6K
46,1/3/2023,5,105469,01H0B0GZSE1F26D6BMHNHYDK53
37,6/12/2022,2,92655,01H0B0GZWEFNZMVABJKA49VVYC
29,11/6/2022,4,61974,01H0B0H034YD7SR91SWNA7CJN2
39,8/1/2022,5,56669,01H0B0GZW67GNQ07MR33FRYXYF
18,3/27/2023,5,105469,01H0B0GZQJR0AY6AD8VWE64HW3
32,6/22/2022,2,95642,01H0B0H04T9G83YS1MXQKXETV9
12,2/19/2023,5,61974,01H0B0GZV318CF614VHC0G4E57
10,4/3/2023,2,59753,01H0B0GZYDB8F20QC00ANK27DR
18,12/18/2022,4,107462,01H0B0H0646EG33EXQRW4S2XV6
42,3/12/2023,1,70266,01H0B0GZXEPQXABYYHM11GBQ07
17,6/29/2022,5,95642,01H0B0H00ZAZS0DWH6WP5WKF6K
0,1/17/2023,3,105469,01H0B0H0779D9DMRT4KAY79JEK
0,10/2/2022,1,59753,01H0B0GZQF6HN28AQGPXNK2EY6
0,8/9/2022,5,72991,01H0B0GZSE1F26D6BMHNHYDK53
0,9/1/2022,2,59143,01H0B0GZXESWAR1EF76P110BYZ
0,7/20/2022,2,76682,01H0B0GZWMJWNA40DFX6K84PF3
0,5/12/2023,3,101717,01H0B0GZZTJEBTPYHTY2J4Z197
0,7/27/2022,4,95642,01H0B0H05E46VJMBE03MR59J91
34,12/6/2022,3,80081,01H0B0H07GFH722KY2VVDQ48KV
44,9/9/2022,4,97024,01H0B0GZZSZ7XFM9BM5507Q9RH
25,8/30/2022,3,101124,01H0B0GZWJDE1GXPAEJR9JQTSY
37,1/28/2023,5,66803,01H0B0H08DVKSNXHH5E6GYC1J0
7,10/5/2022,1,101717,01H0B0H06V69CNH96BEDBT0Y9Y
27,6/19/2022,3,56669,01H0B0H059S39Y12CP1JD4Y3YW
17,9/16/2022,4,105469,01H0B0H00PM1B836THB1NTTY7V
26,10/21/2022,4,101241,01H0B0GZZR8GRPAVMYKP80NKYJ
31,12/7/2022,5,69365,01H0B0H068Z4E078WFN51EGY9V
26,7/2/2022,1,92655,01H0B0GZVXP3RJ9ZKR9K68374S
3,2/20/2023,1,66803,01H0B0H02SXKEBSJMD5KKDKG83
23,11/24/2022,5,70266,01H0B0GZWPBZMAZEGTC8SBAY2J
19,10/6/2022,1,66115,01H0B0H03FPNCQ1BPH2PBXRBG6
17,10/16/2022,4,69365,01H0B0H00X3MN83KXKTFPZWR5H
36,4/1/2023,3,101717,01H0B0H06H3A6BDY6X01Y6PGMP
0,11/14/2022,5,66115,01H0B0H05YJBBDG2WMCEREQPFM
0,1/18/2023,1,105469,01H0B0GZZ5WBAP9SRT6AKVBX6S
0,6/26/2022,2,107462,01H0B0H01CAYGRQVGZSQP79HT8
0,6/23/2022,4,56669,01H0B0GZR1FRHHVRHYBTMD43ZE
0,12/12/2022,4,56669,01H0B0GZXW8SVN4E9Y211WMZ05
0,6/20/2022,1,102254,01H0B0GZY2C64SDJG8B42YK9XN
0,1/5/2023,5,102254,01H0B0GZVT788X8KVKAH5ZRFYA
0,12/31/2022,1,105469,01H0B0GZWYSAF3MKSMM2K4MYW5
0,10/11/2022,1,99184,01H0B0H06039WYH9EA0MWSM23R
0,10/13/2022,2,66115,01H0B0H01EYYDKBG6TEKCNFD05
28,10/30/2022,4,101717,01H0B0GZZW97QNTPS00HSXA485
2,8/22/2022,2,97024,01H0B0H06M6EVET72H3F1YX9E5
5,7/20/2022,3,99184,01H0B0GZSB0FEN25SE7VG7MJB2
34,8/18/2022,2,70266,01H0B0GZTR7ZHVEC25VQNN07DF
41,12/5/2022,2,102254,01H0B0H058A08AJ2KQJYWM8ERE
5,9/9/2022,2,101241,01H0B0H08AAEJDG160F422M0T8
36,8/6/2022,1,80813,01H0B0GZYZW6A8H6TWT78BH6RP
12,1/6/2023,5,97024,01H0B0GZZB64K2X2THB62BYY7D
26,12/1/2022,1,107462,01H0B0H01R2391B81MV66W4988
15,11/9/2022,3,97024,01H0B0GZQTW0CGPF2FQWWJDY5T
1,12/28/2022,2,101717,01H0B0H073M4YGE2B8P3EWP8HJ
21,12/7/2022,3,111515,01H0B0H06Y1Q4CWJYZ2R11T5AZ
5,11/15/2022,3,69365,01H0B0H00X3MN83KXKTFPZWR5H
32,11/12/2022,4,97024,01H0B0H0509KWBZ715SD4YZZ2D
44,7/27/2022,5,72991,01H0B0GZXBX8KZJRDDK6SA8P6R
0,9/9/2022,1,101717,01H0B0GZYGFR957Y2YTKJ8MFAR
13,6/17/2022,3,69365,01H0B0GZTPJ1XMCKGBDM5QW1BR
48,6/2/2022,2,111515,01H0B0GZRK26HTEP33E6WZV326
28,4/9/2023,1,101241,01H0B0H0726DBMYMA4E5CSFD2C
2,9/24/2022,4,59753,01H0B0H00AFSQX96F9Q4B9CEFF
0,8/27/2022,2,70266,01H0B0GZW3KBK42YY3E6F11X5Z
0,12/18/2022,4,72991,01H0B0H04KB3RCE4MQ4DQEFK7Y
0,6/20/2022,1,92655,01H0B0H007C33N96ZMKF2YPWG0
,,,,
0,2/8/2023,2,111515,01H0B0GZXBGWHTN05DJ7AGTN82
0,10/31/2022,1,59143,01H0B0H047E9AJJFSN3ZT7T9NJ
0,2/27/2023,5,87849,01H0B0GZY0G458VC85HPAETNZ8
0,12/23/2022,5,69365,01H0B0H046K5CC88JHP6PKMMP0
0,6/8/2022,2,89729,01H0B0H00RYNS4Q098ZTPHANFW
0,8/4/2022,5,89729,01H0B0H05367G6JYBBD2E6YC9Y
0,6/23/2022,3,99184,01H0B0H02VBY3APQY6MSHY9YP0
37,7/21/2022,2,59753,01H0B0H05YJBBDG2WMCEREQPFM
15,9/28/2022,1,69365,01H0B0GZTKWDRTBW5B2Z989TH8
4,3/17/2023,1,92655,01H0B0H00PM1B836THB1NTTY7V
22,8/25/2022,3,102254,01H0B0H00X3MN83KXKTFPZWR5H
35,9/18/2022,4,95642,01H0B0GZSM85QKRFPM5ZPX0VSK
